"","pathway","pval","padj","log2err","ES","NES","size","leadingEdge"
"1","1CMET2-PWY",0.000214553192545371,0.00168066667493874,0.518848077743792,-0.697184103646488,-2.24768138188192,13,"ECB_RS12865,ECB_RS14140,ECB_RS14470,ECB_RS14465,ECB_RS02490,ECB_RS00605,ECB_RS06415,ECB_RS14475,ECB_RS20690"
"2","3-HYDROXYPHENYLACETATE-DEGRADATION-PWY",0.0729166666666667,0.160144080996885,0.219250346703755,0.558120805369128,1.45942860813233,8,"ECB_RS22500,ECB_RS22535,ECB_RS22515,ECB_RS22540,ECB_RS22520,ECB_RS13285,ECB_RS22525,ECB_RS22530"
"3","4AMINOBUTMETAB-PWY",0.961678832116788,0.97833127942617,0.0432768714901103,0.271922639509363,0.552810795657102,4,"ECB_RS13290,ECB_RS13285,ECB_RS07845"
"4","ACETATEUTIL-PWY",0.732838589981447,0.828691545238902,0.0565299525056311,0.362893847609656,0.794271681005779,5,"ECB_RS20965,ECB_RS12380"
"5","ACETOACETATE-DEG-PWY",0.0921052631578947,0.180372347071738,0.20207170902116,0.746112600536193,1.35735774058174,3,"ECB_RS11325,ECB_RS11320,ECB_RS11335"
"6","ALADEG-PWY",0.661654135338346,0.785296574770259,0.0619762736001998,0.48102985204975,0.875108653387428,3,"ECB_RS06185,ECB_RS06190"
"7","ALANINE-VALINESYN-PWY",0.196035242290749,0.302505864179873,0.14641623786055,-0.614114980605498,-1.26500756641974,4,"ECB_RS19305,ECB_RS18130,ECB_RS20880"
"8","ALL-CHORISMATE-PWY",4.31244105502883e-07,1.68903941321963e-05,0.674962860011025,-0.562086379763922,-2.55712669305212,42,"ECB_RS10975,ECB_RS13140,ECB_RS04920,ECB_RS03770,ECB_RS11860,ECB_RS06555,ECB_RS02925,ECB_RS06550,ECB_RS17145,ECB_RS08735,ECB_RS19305,ECB_RS04820,ECB_RS13150,ECB_RS06570,ECB_RS06565,ECB_RS01760,ECB_RS13145,ECB_RS08770,ECB_RS20885,ECB_RS08835,ECB_RS11770,ECB_RS17150,ECB_RS00735,ECB_RS09710,ECB_RS06560"
"9","AMMASSIM-PWY",3.06656750564164e-05,0.000360321681912892,0.557332238758646,-0.975603217158177,-1.81920442286198,3,"ECB_RS16260,ECB_RS19900,ECB_RS16255"
"10","ANARESP1-PWY",0.0405405405405405,0.104692604692605,0.294066672318865,0.427072274733173,1.52038127772265,23,"ECB_RS01520,ECB_RS21410,ECB_RS21415,ECB_RS13595,ECB_RS13605,ECB_RS21420,ECB_RS08345,ECB_RS08350,ECB_RS13600,ECB_RS21425,ECB_RS06660,ECB_RS13585,ECB_RS13580,ECB_RS13590"
"11","ARABCAT-PWY",0.0200433283199565,0.056749182592648,0.352487857583619,0.732296137339056,1.60278849539485,5,"ECB_RS00335,ECB_RS00325,ECB_RS21635,ECB_RS00330,ECB_RS18190"
"12","ARG+POLYAMINE-SYN",0.141176470588235,0.241007194244604,0.181383128498408,-0.367205061171402,-1.30297560340988,18,"ECB_RS00185,ECB_RS00190,ECB_RS00630,ECB_RS20380,ECB_RS20385,ECB_RS20390,ECB_RS16055,ECB_RS14095,ECB_RS21920,ECB_RS16990,ECB_RS20375"
"13","ARGDEG-PWY",0.649029982363316,0.781087069864442,0.0598603117764473,0.289739875411494,0.850427775248714,12,"ECB_RS15560,ECB_RS07440"
"14","ARGSYN-PWY",0.0892448512585812,0.179252479023646,0.227987202850442,-0.486562144813812,-1.48363452914746,11,"ECB_RS00185,ECB_RS00190,ECB_RS20380,ECB_RS20385,ECB_RS20390,ECB_RS16055,ECB_RS14095,ECB_RS21920,ECB_RS16990,ECB_RS20375"
"15","ARO-PWY",0.000765463094898142,0.00419027209519785,0.477270815362862,-0.705979353940661,-2.15268564876207,11,"ECB_RS03770,ECB_RS11860,ECB_RS17145,ECB_RS04820,ECB_RS13150,ECB_RS01760,ECB_RS08770,ECB_RS08835,ECB_RS17150"
"16","ASPASN-PWY",0.187919463087248,0.296666666666667,0.151148761385484,-0.522418550056788,-1.28154012459635,6,"ECB_RS04920,ECB_RS09165,ECB_RS03320,ECB_RS19175"
"17","AST-PWY",7.34940248192495e-10,5.75703194417454e-08,0.801215574617779,0.986856223175966,2.15994830569878,5,"ECB_RS09060,ECB_RS09055,ECB_RS09050,ECB_RS09040,ECB_RS09045"
"18","BIOTIN-BIOSYNTHESIS-PWY",0.0250639200627492,0.068488618776117,0.352487857583619,-0.601033389438354,-1.71983775557819,9,"ECB_RS00925,ECB_RS06730,ECB_RS03970,ECB_RS03975,ECB_RS03965,ECB_RS03955,ECB_RS05780,ECB_RS03960"
"19","BRANCHED-CHAIN-AA-SYN-PWY",1.88035386184568e-05,0.000294588771689156,0.575610261071129,-0.697753454792083,-2.36283049367942,16,"ECB_RS19325,ECB_RS00385,ECB_RS19310,ECB_RS19315,ECB_RS19300,ECB_RS19295,ECB_RS00390,ECB_RS19305,ECB_RS00380,ECB_RS00415,ECB_RS20885,ECB_RS00395,ECB_RS00410"
"20","COBALSYN-PWY",0.974082073434125,0.982443292948581,0.0503964322442957,-0.23119018026412,-0.527987727147291,5,"ECB_RS06605,ECB_RS03160"
"21","COLANSYN-PWY",0.765845070422535,0.861117662915291,0.0520570030732099,0.286709012318472,0.773873219186093,9,"ECB_RS10360,ECB_RS10380,ECB_RS10375,ECB_RS10240,ECB_RS10355"
"22","COMPLETE-ARO-PWY",6.08070296384313e-08,2.85793039300627e-06,0.704975715167238,-0.729728180891,-2.71884379047879,21,"ECB_RS13140,ECB_RS04920,ECB_RS03770,ECB_RS11860,ECB_RS06555,ECB_RS06550,ECB_RS17145,ECB_RS19305,ECB_RS04820,ECB_RS13150,ECB_RS06570,ECB_RS06565,ECB_RS01760,ECB_RS13145,ECB_RS08770,ECB_RS20885,ECB_RS08835,ECB_RS17150,ECB_RS06560"
"23","CYANCAT-PWY",0.81063829787234,0.881944444444445,0.0582216241124161,-0.397219308887509,-0.740693666098454,3,"ECB_RS00655"
"24","CYSTSYN-PWY",0.138297872340426,0.241007194244604,0.173747838999571,-0.711528150134048,-1.32678442931456,3,"ECB_RS12205,ECB_RS12240,ECB_RS18350"
"25","DAPLYSINESYN-PWY",0.0019936384902801,0.0085182735493786,0.431707695803346,-0.674456083803384,-1.97586161267324,10,"ECB_RS00010,ECB_RS17375,ECB_RS20715,ECB_RS00855,ECB_RS12495,ECB_RS20285,ECB_RS14205,ECB_RS16990,ECB_RS00170,ECB_RS19505"
"26","DENOVOPURINE2-PWY",6.76303534597353e-10,5.75703194417454e-08,0.801215574617779,-0.78685508884799,-2.89126082417289,20,"ECB_RS05985,ECB_RS13360,ECB_RS12645,ECB_RS02460,ECB_RS12895,ECB_RS02225,ECB_RS11775,ECB_RS12480,ECB_RS12650,ECB_RS20620,ECB_RS20625,ECB_RS12700,ECB_RS21530,ECB_RS12600,ECB_RS09625,ECB_RS02455,ECB_RS13355,ECB_RS11385"
"27","DETOX1-PWY",0.552875695732839,0.694661797948183,0.070113215764256,0.42588438114796,0.932140088779766,5,"ECB_RS08530,ECB_RS18755,ECB_RS08975"
"28","DTDPRHAMSYN-PWY",0.00143964728011854,0.00680753363980261,0.45505986738723,-0.793667829353367,-1.94693922872201,6,"ECB_RS19395,ECB_RS10315,ECB_RS10305,ECB_RS10320,ECB_RS19400,ECB_RS10310"
"29","ECASYN-PWY",0.0012259773669619,0.00626314524426187,0.45505986738723,-0.692477419689763,-2.11151529451559,11,"ECB_RS19390,ECB_RS19395,ECB_RS19385,ECB_RS10320,ECB_RS19375,ECB_RS19400,ECB_RS19410,ECB_RS10310,ECB_RS19405,ECB_RS19420"
"30","FAO-PWY",2.03034375679464e-05,0.000298206739279213,0.575610261071129,0.823914983575901,2.22387756673409,9,"ECB_RS01140,ECB_RS09370,ECB_RS11920,ECB_RS19775,ECB_RS19770,ECB_RS11915"
"31","FASYN-ELONG-PWY",0.0799136069114471,0.170724523856273,0.234392647294686,-0.660944206008584,-1.5094517799284,5,"ECB_RS00925,ECB_RS06730,ECB_RS05790,ECB_RS05055,ECB_RS05780"
"32","FASYN-INITIAL-PWY",0.225531914893617,0.333333333333333,0.132846300606183,-0.663007063414759,-1.23630730294866,3,"ECB_RS05775,ECB_RS05790"
"33","FERMENTATION-PWY",0.0221899655895265,0.0619408330317944,0.352487857583619,0.435450020735817,1.61408348634057,26,"ECB_RS01520,ECB_RS21410,ECB_RS21415,ECB_RS13595,ECB_RS13605,ECB_RS21420,ECB_RS08345,ECB_RS12380,ECB_RS08350,ECB_RS13600,ECB_RS21425,ECB_RS06660,ECB_RS13585,ECB_RS13580,ECB_RS13590"
"34","FUC-RHAMCAT-PWY",0.20979020979021,0.314017192998085,0.12384217120105,0.446802462113694,1.24649898760696,10,"ECB_RS07275,ECB_RS20085,ECB_RS20090,ECB_RS20080,ECB_RS14020,ECB_RS13970,ECB_RS14015,ECB_RS20075,ECB_RS14025,ECB_RS18340"
"35","FUCCAT-PWY",0.706766917293233,0.810196222262974,0.0588438169595807,0.459249329758713,0.835484660300585,3,"ECB_RS14020,ECB_RS14015,ECB_RS14025"
"36","GALACT-GLUCUROCAT-PWY",0.47027027027027,0.600616921269095,0.0768736734126542,0.434397638851623,1.00931444372158,6,"ECB_RS08375,ECB_RS07825,ECB_RS15660,ECB_RS22330,ECB_RS22325,ECB_RS15655"
"37","GALACTARDEG-PWY",6.71795688594359e-05,0.000631487947278698,0.538434096309916,0.93349423437919,1.89776655367715,4,"ECB_RS15810,ECB_RS15805,ECB_RS15820,ECB_RS15800"
"38","GALACTCAT-PWY",0.456204379562044,0.585836225120657,0.0791316651768349,0.498793242156074,1.01403211428885,4,"ECB_RS18910,ECB_RS18905,ECB_RS18915,ECB_RS19700"
"39","GALACTITOLCAT-PWY",0.0909090909090909,0.180372347071738,0.20207170902116,0.652628755364807,1.42841919754421,5,"ECB_RS10665,ECB_RS10695,ECB_RS08930,ECB_RS15840,ECB_RS15875"
"40","GALACTMETAB-PWY",0.000719755208977035,0.00419027209519785,0.477270815362862,-0.890587288817377,-1.83450932559964,4,"ECB_RS03795,ECB_RS03790,ECB_RS03780,ECB_RS03785"
"41","GALACTUROCAT-PWY",0.774436090225564,0.866630862871464,0.0545680646670941,0.434048257372654,0.78963786633196,3,"ECB_RS07825,ECB_RS15660,ECB_RS15655"
"42","GLCMANNANAUT-PWY",0.161410018552876,0.261595547309833,0.148261500475107,0.610680777255602,1.33660697392274,5,"ECB_RS16285,ECB_RS16295,ECB_RS16280,ECB_RS03340"
"43","GLUCARDEG-PWY",0.000288208129587548,0.00211652845165855,0.49849310876659,0.90721373022258,1.84433905518236,4,"ECB_RS15810,ECB_RS15805,ECB_RS15800,ECB_RS13905"
"44","GLUCARGALACTSUPER-PWY",4.68771958321595e-05,0.000500733682752613,0.557332238758646,0.907457081545064,1.9861661098611,5,"ECB_RS15810,ECB_RS15805,ECB_RS15820,ECB_RS15800,ECB_RS13905"
"45","GLUCONEO-PWY",0.873271889400922,0.924198460468574,0.0584693210386381,-0.192919876958963,-0.673369538400484,17,"ECB_RS09225,ECB_RS14570,ECB_RS07620,ECB_RS18375,ECB_RS14575,ECB_RS20175,ECB_RS13865,ECB_RS20720,ECB_RS12405"
"46","GLUCOSE1PMETAB-PWY",0.375,0.509393063583815,0.0870515867946735,0.411026221823849,1.07479137321451,8,"ECB_RS05310,ECB_RS01735,ECB_RS19980,ECB_RS12090,ECB_RS19610,ECB_RS18930,ECB_RS04205,ECB_RS03400"
"47","GLUCUROCAT-PWY",0.569343065693431,0.704187475989243,0.0678338263479455,0.45964065433092,0.93443604510274,4,"ECB_RS08375,ECB_RS15660,ECB_RS22330,ECB_RS22325"
"48","GLUTAMINDEG-PWY",0.00179847892865068,0.00797438770250772,0.45505986738723,-0.719151209089059,-1.959546386831,8,"ECB_RS16260,ECB_RS00185,ECB_RS16255,ECB_RS00190,ECB_RS12645"
"49","GLUTORN-PWY",0.443243243243243,0.572319572319572,0.0799858801499946,0.445342354214622,1.03474427646077,6,"ECB_RS09060"
"50","GLUTSYNIII-PWY",3.06656750564164e-05,0.000360321681912892,0.557332238758646,-0.975603217158177,-1.81920442286198,3,"ECB_RS09125,ECB_RS16260,ECB_RS16255"
"51","GLYCEROLMETAB-PWY",0.422907488986784,0.552129221732746,0.0937465422491719,-0.495835698261836,-1.02136559082764,4,"ECB_RS06240,ECB_RS06230,ECB_RS06235"
"52","GLYCLEAV-PWY",0.00385768479294566,0.0141649363490974,0.431707695803346,-0.846875838026281,-1.74446866914895,4,"ECB_RS14470,ECB_RS14465,ECB_RS00605,ECB_RS14475"
"53","GLYCOCAT-PWY",0.118568232662192,0.217683864653244,0.193813302725311,-0.574484781083338,-1.40926331549333,6,"ECB_RS17290,ECB_RS01840"
"54","GLYCOGENSYNTH-PWY",0.61063829787234,0.75130890052356,0.072003313661988,-0.476943699731903,-0.889355501036401,3,"ECB_RS03400,ECB_RS17355,ECB_RS17360"
"55","GLYCOL-GLYOXDEG-PWY",0.000531836021171931,0.00367592544045305,0.477270815362862,0.711056333275291,2.02611815629578,11,"ECB_RS15045,ECB_RS15040,ECB_RS15035,ECB_RS15025,ECB_RS15805,ECB_RS07275,ECB_RS02385"
"56","GLYCOLATEMET-PWY",0.00171980113464664,0.00777217820465307,0.45505986738723,0.756307031669351,1.86338913969408,7,"ECB_RS15045,ECB_RS15040,ECB_RS15035,ECB_RS15805,ECB_RS02385,ECB_RS02395,ECB_RS02415"
"57","GLYCOLYSIS",0.937046004842615,0.965814961131643,0.0574877409561325,-0.184288404627388,-0.624063211861669,16,"ECB_RS09225,ECB_RS14570,ECB_RS18375,ECB_RS14575,ECB_RS20175,ECB_RS13865,ECB_RS20720,ECB_RS09655,ECB_RS03830,ECB_RS20205,ECB_RS21815,ECB_RS08820,ECB_RS01735,ECB_RS10700,ECB_RS08930,ECB_RS14595"
"58","GLYCOLYSIS-E-D",0.804705882352941,0.879562243502052,0.0633597010643758,-0.209371360050844,-0.742924875078604,18,"ECB_RS09640,ECB_RS09225,ECB_RS14570,ECB_RS18375,ECB_RS14575,ECB_RS20175,ECB_RS13865,ECB_RS09635,ECB_RS20720,ECB_RS09655"
"59","GLYCOLYSIS-TCA-GLYOX-BYPASS",0.249363867684478,0.361731536455879,0.13880510939114,-0.263472972262794,-1.15719849326982,38,"ECB_RS00595,ECB_RS00600,ECB_RS03615,ECB_RS03620,ECB_RS03625,ECB_RS09225,ECB_RS06010,ECB_RS00605,ECB_RS14570,ECB_RS03630,ECB_RS00615,ECB_RS18375,ECB_RS03605,ECB_RS14575,ECB_RS03590,ECB_RS11270,ECB_RS03595,ECB_RS03600"
"60","GLYOXDEG-PWY",0.000176670505585988,0.00143164030388646,0.518848077743792,0.885663766120088,1.93846672506495,5,"ECB_RS15045,ECB_RS15040,ECB_RS15035,ECB_RS15025"
"61","GLYOXYLATE-BYPASS",0.142342342342342,0.241007194244604,0.156312403073186,0.569334631312418,1.32283791462043,6,"ECB_RS01520,ECB_RS15025,ECB_RS06660,ECB_RS20665,ECB_RS20660"
"62","HCAMHPDEG-PWY",0.0451388888888889,0.112847222222222,0.282013350011725,0.59226935348052,1.54872355567866,8,"ECB_RS01590,ECB_RS01595,ECB_RS01600,ECB_RS12805,ECB_RS12810,ECB_RS12800"
"63","HEME-BIOSYNTHESIS-II",0.973568281938326,0.982443292948581,0.0513223330421143,-0.268155801767617,-0.552370694297229,4,"ECB_RS19795,ECB_RS20580"
"64","HEMESYN2-PWY",0.984581497797357,0.987234042553191,0.0508054139066364,-0.250655341905815,-0.516321721645273,4,"ECB_RS19795,ECB_RS20580,ECB_RS19880"
"65","HEXITOLDEGSUPER-PWY",0.848896434634975,0.902672679362982,0.0456790414930062,0.201273916161324,0.700236173650287,21,"ECB_RS18300,ECB_RS10665,ECB_RS14595,ECB_RS10695,ECB_RS08930,ECB_RS15840,ECB_RS10700,ECB_RS15875,ECB_RS01735,ECB_RS08820"
"66","HISTSYN-PWY",0.000107665319664592,0.000937087041525152,0.538434096309916,-0.784635613355965,-2.24520962717538,9,"ECB_RS10195,ECB_RS10200,ECB_RS10205,ECB_RS10230,ECB_RS10210,ECB_RS10215,ECB_RS10225,ECB_RS10220"
"67","HOMOSER-METSYN-PWY",0.0928725701943845,0.180372347071738,0.216542836735348,-0.644952787806239,-1.47293088383812,5,"ECB_RS19625,ECB_RS20690,ECB_RS15225,ECB_RS20655"
"68","HOMOSERSYN-PWY",0.0143552669148737,0.0427023762657634,0.380730400722792,-0.788962076927184,-1.62517285598063,4,"ECB_RS00010,ECB_RS17375,ECB_RS20715"
"69","IDNCAT-PWY",0.263157894736842,0.378048780487805,0.11331290842208,0.641018766756032,1.16616685509556,3,"ECB_RS21990,ECB_RS21980,ECB_RS21985"
"70","ILEUSYN-PWY",0.0010133677327656,0.00541230493636173,0.45505986738723,-0.699214146411263,-2.04839191773803,10,"ECB_RS19325,ECB_RS19310,ECB_RS19315,ECB_RS19300,ECB_RS19305,ECB_RS00415"
"71","KDO-NAGLIPASYN-PWY",0.00147737964097844,0.00680753363980261,0.45505986738723,-0.65750508278825,-2.06582682701811,12,"ECB_RS14890,ECB_RS00930,ECB_RS12040,ECB_RS06320,ECB_RS00920,ECB_RS00935,ECB_RS02465,ECB_RS04870"
"72","KETOGLUCONMET-PWY",0.699099099099099,0.805965495738932,0.0573667426768556,0.352390373934057,0.818772162713292,6,"ECB_RS15250,ECB_RS21990,ECB_RS21980,ECB_RS21985"
"73","LCYSDEG-PWY",0.363436123348018,0.496555168527815,0.102821842840815,-0.515707123034011,-1.06229848366728,4,"ECB_RS12205,ECB_RS12240,ECB_RS15225"
"74","LEUSYN-PWY",0.0012702795842341,0.0063513979211705,0.45505986738723,-0.798497451033002,-1.95878672909962,6,"ECB_RS00385,ECB_RS00390,ECB_RS19305,ECB_RS00380,ECB_RS20885,ECB_RS00395"
"75","LIPA-CORESYN-PWY",0.213656387665198,0.317780070261529,0.139599673451922,-0.601769911504425,-1.23957811702668,4,"ECB_RS18410,ECB_RS18460,ECB_RS18465,ECB_RS18470"
"76","LPSSYN-PWY",0.000587292013479402,0.00383371175465721,0.477270815362862,-0.649901214719995,-2.12877150944149,14,"ECB_RS14890,ECB_RS00930,ECB_RS06320,ECB_RS00920,ECB_RS00935,ECB_RS02465,ECB_RS04870,ECB_RS18475,ECB_RS18410,ECB_RS18460,ECB_RS04855,ECB_RS16180"
"77","LYXMET-PWY",0.00339198029830593,0.0131871126218803,0.431707695803346,0.73268921095008,1.80519955690732,7,"ECB_RS00325,ECB_RS18185,ECB_RS18175,ECB_RS20085,ECB_RS21635,ECB_RS21630,ECB_RS18190"
"78","MET-SAM-PWY",0.000766730638695777,0.00419027209519785,0.477270815362862,-0.705995485403665,-2.06825827778634,10,"ECB_RS19625,ECB_RS00010,ECB_RS17375,ECB_RS20715,ECB_RS14650,ECB_RS20690,ECB_RS20285,ECB_RS15225"
"79","METHGLYUT-PWY",0.0427807486631016,0.109276912345966,0.294066672318865,0.611400588300706,1.50636866845922,7,"ECB_RS15195,ECB_RS15250,ECB_RS07275"
"80","METSYN-PWY",0.00250961202008015,0.0105314075842649,0.431707695803346,-0.699811936060397,-2.00248939674655,9,"ECB_RS19625,ECB_RS00010,ECB_RS17375,ECB_RS20715,ECB_RS20690,ECB_RS20285,ECB_RS15225"
"81","NADPHOS-DEPHOS-PWY",0.733480176211454,0.828691545238902,0.0646484568421928,-0.379458299812282,-0.781641281458443,4,"ECB_RS08305,ECB_RS08300,ECB_RS13220,ECB_RS01735"
"82","NAGLIPASYN-PWY",0.0323974082073434,0.0875102405600656,0.376039306993639,-0.728116509666461,-1.66285860670215,5,"ECB_RS00930,ECB_RS00920,ECB_RS00935,ECB_RS02465"
"83","NONMEVIPP-PWY",0.324384787472036,0.451067603881233,0.11101149245045,-0.452165690893473,-1.10920348403178,6,"ECB_RS06285,ECB_RS01930,ECB_RS12685,ECB_RS13720,ECB_RS13725"
"84","NONOXIPENT-PWY",0.657596371882086,0.784442372549697,0.0714786287425507,-0.320217890985843,-0.833971496586495,7,"ECB_RS14615,ECB_RS17130,ECB_RS14515"
"85","OANTIGEN-PWY-1",0.000354557073606267,0.00252487613022645,0.49849310876659,-0.708574842411333,-2.22628380634873,12,"ECB_RS10295,ECB_RS10290,ECB_RS19395,ECB_RS10315,ECB_RS10305,ECB_RS19100,ECB_RS10320,ECB_RS19400,ECB_RS10310,ECB_RS19105"
"86","ORNARGDEG-PWY",0.699646643109541,0.805965495738932,0.0564118388217596,0.269556724822219,0.808829898563217,13,"ECB_RS15560,ECB_RS07440,ECB_RS13290,ECB_RS13285,ECB_RS21215,ECB_RS03425"
"87","ORNDEG-PWY",0.416216216216216,0.552129221732746,0.0833634065110386,0.454597070458915,1.05624742920028,6,"ECB_RS15560,ECB_RS07440"
"88","P2-PWY",0.682330827067669,0.797749971944787,0.0605092988656667,0.469436997319035,0.854018470628327,3,"ECB_RS03030,ECB_RS03035,ECB_RS03055"
"89","P4-PWY",2.28541843164632e-05,0.00031592548908052,0.575610261071129,-0.664975225007337,-2.35957122239151,18,"ECB_RS19625,ECB_RS00020,ECB_RS00010,ECB_RS04920,ECB_RS17375,ECB_RS20715,ECB_RS00015,ECB_RS00855,ECB_RS12495,ECB_RS20690,ECB_RS20285,ECB_RS14205,ECB_RS15225,ECB_RS16990,ECB_RS00170,ECB_RS20655,ECB_RS19505"
"90","PANTO-PWY",0.166306695464363,0.26768543448031,0.158514105424824,-0.577297117324271,-1.3184201531246,5,"ECB_RS19325,ECB_RS20460,ECB_RS00695,ECB_RS00690"
"91","PANTOSYN-PWY",0.0861678004535147,0.176082027013704,0.231126709673834,-0.564866618618962,-1.47113160308159,7,"ECB_RS19325,ECB_RS20460,ECB_RS18505,ECB_RS00695,ECB_RS00690,ECB_RS18480"
"92","PENTOSE-P-PWY",0.152073732718894,0.249911378943637,0.172324344900946,-0.456921155906149,-1.30746522416027,9,"ECB_RS10245,ECB_RS14615,ECB_RS17130,ECB_RS09640,ECB_RS14515"
"93","PEPTIDOGLYCANSYN-PWY",0.00287456051157697,0.0116469262106998,0.431707695803346,-0.566410084247252,-1.91805717305367,16,"ECB_RS16140,ECB_RS03145,ECB_RS00455,ECB_RS00480,ECB_RS20425,ECB_RS00775,ECB_RS00450,ECB_RS00465,ECB_RS00475,ECB_RS17180,ECB_RS20450,ECB_RS01720,ECB_RS00485"
"94","PHESYN",0.00322705329446938,0.0128535173593272,0.431707695803346,-0.817864806866953,-1.86782405722471,5,"ECB_RS13140,ECB_RS04920,ECB_RS19305,ECB_RS13145,ECB_RS20885"
"95","PHOSLIPSYN-PWY",0.713615023474178,0.814075390856466,0.069119845655101,-0.291354709592328,-0.793884597915122,8,"ECB_RS18355,ECB_RS09935,ECB_RS20820"
"96","POLYAMSYN-PWY",0.827664399092971,0.896318588879484,0.0602484086158019,-0.263639581285822,-0.686619649787445,7,"ECB_RS00630"
"97","POLYISOPRENSYN-PWY",0.698237885462555,0.805965495738932,0.0670512579829467,-0.390482132935596,-0.804349133818911,4,"ECB_RS00895,ECB_RS01935,ECB_RS16130"
"98","PPGPPMET-PWY",0.0484581497797357,0.119870159981451,0.307750047666508,-0.757748652389762,-1.56087672339845,4,"ECB_RS12700,ECB_RS18560,ECB_RS19345"
"99","PROSYN-PWY",0.438297872340426,0.569060773480663,0.0897104652742981,-0.55656836461126,-1.03783137726339,3,"ECB_RS01250,ECB_RS01255,ECB_RS01750"
"100","PRPP-PWY",4.57469024023094e-15,1.07505220645427e-12,0.996986217533181,-0.742055736745335,-3.268070694159,39,"ECB_RS00185,ECB_RS10195,ECB_RS05985,ECB_RS06280,ECB_RS00190,ECB_RS13360,ECB_RS12645,ECB_RS02460,ECB_RS12895,ECB_RS02225,ECB_RS11775,ECB_RS12480,ECB_RS10200,ECB_RS10205,ECB_RS12650,ECB_RS20620,ECB_RS20625,ECB_RS12700,ECB_RS21530,ECB_RS10230,ECB_RS12600,ECB_RS09625,ECB_RS10210,ECB_RS05010,ECB_RS10215,ECB_RS02455,ECB_RS13355,ECB_RS05625,ECB_RS11385,ECB_RS10225,ECB_RS11390,ECB_RS21875,ECB_RS10220"
"101","PWY-1269",0.10352422907489,0.194902807775378,0.206587922696891,-0.702831107332947,-1.44775277719937,4,"ECB_RS14890,ECB_RS06320,ECB_RS04870"
"102","PWY-40",0.842553191489362,0.9,0.0564118388217596,-0.379624664879357,-0.707884985647861,3,"ECB_RS14625,ECB_RS14630,ECB_RS21215"
"103","PWY-4261",9.01127472395456e-06,0.000176470796677444,0.593325476396405,0.928648068669528,2.03254716888534,5,"ECB_RS17330,ECB_RS11420,ECB_RS11425,ECB_RS11430,ECB_RS20210"
"104","PWY-5084",0.00771646854295278,0.024178268101252,0.407017918923954,-0.865683646112601,-1.61423772504021,3,"ECB_RS03615,ECB_RS03620,ECB_RS00605"
"105","PWY-5162",0.197368421052632,0.302505864179873,0.133554954557592,0.681230811695313,1.2393222078181,3,"ECB_RS01605,ECB_RS01615,ECB_RS01610"
"106","PWY-5188",0.0850111856823266,0.17524235645041,0.231126709673834,-0.616014600660311,-1.5111397326867,6,"ECB_RS12145,ECB_RS01675,ECB_RS06295,ECB_RS00800,ECB_RS19485"
"107","PWY-5340",0.00570295231738665,0.0200028924565054,0.407017918923954,-0.872922252010724,-1.62773553196994,3,"ECB_RS13750,ECB_RS13745,ECB_RS13740"
"108","PWY-5437",0.412526997840173,0.550817298252503,0.0940503465727813,-0.449060173606676,-1.02555506528905,5,"ECB_RS19315,ECB_RS11700"
"109","PWY-5453",0.0839416058394161,0.17524235645041,0.208955027549354,0.682807926234069,1.38812860033831,4,"ECB_RS15195,ECB_RS15250,ECB_RS20320,ECB_RS01065"
"110","PWY-5484",0.942857142857143,0.96756082345602,0.0564118388217596,-0.184238838084992,-0.605164620668581,15,"ECB_RS09225,ECB_RS14570,ECB_RS18375,ECB_RS14575,ECB_RS20175,ECB_RS13865,ECB_RS09655,ECB_RS03830,ECB_RS20205,ECB_RS21815,ECB_RS08820,ECB_RS01735,ECB_RS10700,ECB_RS08930,ECB_RS14595"
"111","PWY-5485",0.420704845814978,0.552129221732746,0.0940503465727813,-0.496464825701373,-1.02266152236553,4,"ECB_RS09625,ECB_RS11700"
"112","PWY-5659",0.645985401459854,0.781087069864442,0.0617054053637522,0.431604760905594,0.877439891419559,4,"ECB_RS10360,ECB_RS10355,ECB_RS10250,ECB_RS20720"
"113","PWY-5667",0.18936170212766,0.296666666666667,0.14641623786055,-0.686626039608543,-1.28034953774199,3,"ECB_RS18355,ECB_RS20820"
"114","PWY-5668",0.908759124087591,0.944948646728247,0.0458620343117985,0.326492606806937,0.663749947671754,4,"ECB_RS04035,ECB_RS06670,ECB_RS06490"
"115","PWY-5686",0.00342303774440296,0.0131871126218803,0.431707695803346,-0.761575250310693,-1.86821321920244,6,"ECB_RS00185,ECB_RS00190,ECB_RS05010,ECB_RS05625,ECB_RS21875"
"116","PWY-5698",0.289473684210526,0.407343208320202,0.107140237276725,0.629490616621984,1.14519438551417,3,"ECB_RS02405,ECB_RS02425,ECB_RS02420"
"117","PWY-5705",0.171532846715328,0.274219176721784,0.142056643575821,0.629659426119603,1.28007924965066,4,"ECB_RS02405,ECB_RS02425,ECB_RS02375,ECB_RS02420"
"118","PWY-5837",0.127753303964758,0.232728887067582,0.184706471207739,-0.672915814487126,-1.38613064942728,4,"ECB_RS02925,ECB_RS08735,ECB_RS11530"
"119","PWY-5838",0.087248322147651,0.17675306641981,0.227987202850442,-0.61260741300769,-1.50278159209543,6,"ECB_RS02925,ECB_RS08735,ECB_RS11530,ECB_RS19720,ECB_RS16130"
"120","PWY-5971",0.140969162995595,0.241007194244604,0.175204047558551,-0.660766961651917,-1.36110538340184,4,"ECB_RS00925,ECB_RS06730,ECB_RS05055,ECB_RS05780"
"121","PWY-5973",0.0799136069114471,0.170724523856273,0.234392647294686,-0.660944206008584,-1.5094517799284,5,"ECB_RS00925,ECB_RS06730,ECB_RS05790,ECB_RS05055,ECB_RS05780"
"122","PWY-5989",0.140969162995595,0.241007194244604,0.175204047558551,-0.660766961651917,-1.36110538340184,4,"ECB_RS00925,ECB_RS06730,ECB_RS05055,ECB_RS05780"
"123","PWY-6121",1.48448450174069e-05,0.000249181327077901,0.593325476396405,-0.92381974248927,-2.10980191967264,5,"ECB_RS12895,ECB_RS11775,ECB_RS20620,ECB_RS12600,ECB_RS12605"
"124","PWY-6122",1.35527093901665e-05,0.000244991285129933,0.593325476396405,-0.925160944206009,-2.11286493058971,5,"ECB_RS12895,ECB_RS11775,ECB_RS20620,ECB_RS12600,ECB_RS09625"
"125","PWY-6123",6.69535462850956e-05,0.000631487947278698,0.538434096309916,-0.904774678111588,-2.06630716465036,5,"ECB_RS05985,ECB_RS02460,ECB_RS12480,ECB_RS20625,ECB_RS02455"
"126","PWY-6125",0.0076710099356351,0.024178268101252,0.407017918923954,-0.666705863988893,-1.81664307915623,8,"ECB_RS13360,ECB_RS12645,ECB_RS12650,ECB_RS12700,ECB_RS13355,ECB_RS11385,ECB_RS11390"
"127","PWY-6126",0.00353120118353363,0.0133843915827484,0.431707695803346,-0.688566160842258,-1.97030997185807,9,"ECB_RS05985,ECB_RS13360,ECB_RS02225,ECB_RS12700,ECB_RS21530,ECB_RS13355,ECB_RS11385,ECB_RS11390"
"128","PWY-6147",0.0574468085106383,0.131067961165049,0.276500599254472,-0.775871313672922,-1.44676493535657,3,"ECB_RS10975,ECB_RS00735,ECB_RS09710"
"129","PWY-6151",0.0617021276595745,0.139423076923077,0.266350657088526,-0.772307562903244,-1.44011961987569,3,"ECB_RS19625,ECB_RS14650"
"130","PWY-6163",0.0566893424036281,0.131067961165049,0.287857117255149,-0.633688890332214,-1.65037147241706,7,"ECB_RS11860,ECB_RS04820,ECB_RS01760,ECB_RS08770,ECB_RS17150"
"131","PWY-6164",0.00760069270295553,0.024178268101252,0.407017918923954,-0.812818449986592,-1.67431429265056,4,"ECB_RS03770,ECB_RS17145,ECB_RS13150,ECB_RS08835"
"132","PWY-6277",1.61823715022952e-06,4.22539700337707e-05,0.643551836150722,-0.924067614703515,-2.26682173891771,6,"ECB_RS12895,ECB_RS11775,ECB_RS20620,ECB_RS12600,ECB_RS09625,ECB_RS12605"
"133","PWY-6282",0.051063829787234,0.1239510908655,0.294066672318865,-0.799249117514025,-1.4903574567798,3,"ECB_RS00925,ECB_RS06730"
"134","PWY-6284",0.0799136069114471,0.170724523856273,0.234392647294686,-0.660944206008584,-1.5094517799284,5,"ECB_RS00925,ECB_RS06730,ECB_RS05790,ECB_RS05055,ECB_RS05780"
"135","PWY-6387",0.00682945931663778,0.0232597527450707,0.407017918923954,-0.660042964554243,-1.8886917610433,9,"ECB_RS16140,ECB_RS00455,ECB_RS00480,ECB_RS20425,ECB_RS00450,ECB_RS00465,ECB_RS20450,ECB_RS01720,ECB_RS00485"
"136","PWY-6519",0.0850111856823266,0.17524235645041,0.231126709673834,-0.614122500394993,-1.50649823898495,6,"ECB_RS00925,ECB_RS06730,ECB_RS03970,ECB_RS03965,ECB_RS05780"
"137","PWY-6535",0.987234042553191,0.987234042553191,0.0490939668192139,-0.262734584450402,-0.489920399671542,3,"ECB_RS06805,ECB_RS07845,ECB_RS13290"
"138","PWY-6537",0.924812030075188,0.957404524527177,0.0464154956843849,0.345033148642455,0.627698037441749,3,"ECB_RS13290,ECB_RS13285"
"139","PWY-6579",0.138766519823789,0.241007194244604,0.176694268938498,-0.663879314620522,-1.367516479335,4,"ECB_RS00650,ECB_RS01225,ECB_RS02240"
"140","PWY-6608",0.619718309859155,0.754697834340154,0.0619762736001998,0.327798996697028,0.884781621507321,9,"ECB_RS14285,ECB_RS14280,ECB_RS14275,ECB_RS02255,ECB_RS14360"
"141","PWY-6609",0.383259911894273,0.517621145374449,0.0995791200495904,-0.510333687463868,-1.05122981270407,4,"ECB_RS00650,ECB_RS01225"
"142","PWY-6611",0.802127659574468,0.879562243502052,0.0587185879555941,-0.397855227882038,-0.741879462359764,3,"ECB_RS02240,ECB_RS22710,ECB_RS08405"
"143","PWY-6612",0.28169014084507,0.398778211437299,0.12384217120105,-0.421629743295016,-1.14885858441477,8,"ECB_RS10975,ECB_RS00735,ECB_RS09710,ECB_RS11790,ECB_RS09410"
"144","PWY-6614",0.787593984962406,0.873040502198894,0.05378728077603,0.428084393393516,0.778788167600103,3,"ECB_RS00270,ECB_RS08320,ECB_RS11790"
"145","PWY-6620",0.142553191489362,0.241007194244604,0.170932335370056,-0.708018502890281,-1.32024000051784,3,"ECB_RS00650,ECB_RS01225"
"146","PWY-6628",1.25077543732424e-06,3.67415284713995e-05,0.643551836150722,-0.74128821849455,-2.51025400911292,16,"ECB_RS13140,ECB_RS04920,ECB_RS03770,ECB_RS11860,ECB_RS17145,ECB_RS19305,ECB_RS04820,ECB_RS13150,ECB_RS01760,ECB_RS13145,ECB_RS08770,ECB_RS20885,ECB_RS08835,ECB_RS17150"
"147","PWY-6629",7.83750584308083e-06,0.000167437624829454,0.593325476396405,-0.711478009592798,-2.40930650375517,16,"ECB_RS03770,ECB_RS11860,ECB_RS06555,ECB_RS06550,ECB_RS17145,ECB_RS04820,ECB_RS13150,ECB_RS06570,ECB_RS06565,ECB_RS01760,ECB_RS08770,ECB_RS08835,ECB_RS17150,ECB_RS06560"
"148","PWY-6690",0.0451388888888889,0.112847222222222,0.282013350011725,0.59226935348052,1.54872355567866,8,"ECB_RS01590,ECB_RS01595,ECB_RS01600,ECB_RS12805,ECB_RS12810,ECB_RS12800"
"149","PWY-6700",0.00547931037786405,0.0195096657393644,0.407017918923954,-0.873994638069705,-1.62973520707064,3,"ECB_RS01855,ECB_RS01850,ECB_RS13945"
"150","PWY-6703",0.0531914893617021,0.126262626262626,0.287857117255149,-0.794105124362924,-1.48076546802138,3,"ECB_RS10975,ECB_RS13795"
"151","PWY-6708",0.877005347593583,0.924198460468574,0.0464154956843849,0.270610426242254,0.66672992347406,7,"ECB_RS03280,ECB_RS20815,ECB_RS14480,ECB_RS19760,ECB_RS11370,ECB_RS19720"
"152","PWY-6772",0.00518369245143232,0.0187410419397938,0.407017918923954,0.764958411591092,1.77736595370612,6,"ECB_RS13595,ECB_RS13605,ECB_RS13600,ECB_RS13585,ECB_RS13580,ECB_RS13590"
"153","PWY-6823",0.209503239740821,0.314017192998085,0.139599673451922,-0.550429184549356,-1.25705968036245,5,"ECB_RS04230,ECB_RS04225,ECB_RS12760,ECB_RS09105,ECB_RS03995"
"154","PWY-6892",0.834451901565996,0.899523838844078,0.059221919380382,-0.283184254809887,-0.694676682428941,6,"ECB_RS01930,ECB_RS01945"
"155","PWY-6952",0.00367323915177181,0.0137017650899425,0.431707695803346,0.772391858692641,1.79463742310468,6,"ECB_RS17330,ECB_RS11420,ECB_RS11425,ECB_RS11430,ECB_RS11410"
"156","PWY-6961",0.00680183326713198,0.0232597527450707,0.407017918923954,0.663928622120253,1.79204893475504,9,"ECB_RS00325,ECB_RS18185,ECB_RS18180,ECB_RS18175,ECB_RS21625,ECB_RS21635,ECB_RS21630,ECB_RS18190"
"157","PWY-7180",0.787593984962406,0.873040502198894,0.05378728077603,0.428686327077748,0.779883229317359,3,"ECB_RS01610,ECB_RS22695,ECB_RS22705"
"158","PWY-7184",0.0112302710630794,0.0346061567968206,0.380730400722792,-0.721650997466985,-1.7702754029473,6,"ECB_RS14140,ECB_RS12700,ECB_RS11385,ECB_RS11390"
"159","PWY-7187",0.400447427293065,0.537743688079259,0.0978773277424561,-0.416583328431164,-1.02191671900702,6,"ECB_RS14140,ECB_RS12700"
"160","PWY-7219",0.000720775191526812,0.00419027209519785,0.477270815362862,-0.929222520107239,-1.7327184747567,3,"ECB_RS05985,ECB_RS02225,ECB_RS21530"
"161","PWY-7220",0.100671140939597,0.192339171713865,0.211400189384923,-0.597577780424139,-1.46591253908866,6,"ECB_RS13360,ECB_RS12700,ECB_RS13355,ECB_RS11385,ECB_RS11390"
"162","PWY-7221",0.000702411743947192,0.00419027209519785,0.477270815362862,-0.929490616621984,-1.73321839353187,3,"ECB_RS12645,ECB_RS12650,ECB_RS12700"
"163","PWY-7222",0.100671140939597,0.192339171713865,0.211400189384923,-0.597577780424139,-1.46591253908866,6,"ECB_RS13360,ECB_RS12700,ECB_RS13355,ECB_RS11385,ECB_RS11390"
"164","PWY-7315",0.00741202275660472,0.024178268101252,0.407017918923954,-0.737858867722029,-1.81003477991397,6,"ECB_RS19395,ECB_RS10320,ECB_RS19400,ECB_RS19410,ECB_RS10310,ECB_RS19405"
"165","PWY-7446",0.5,0.631720430107527,0.0743625384422526,0.483239474389917,0.982411758036837,4,"ECB_RS19970,ECB_RS19960,ECB_RS19955,ECB_RS19965"
"166","PWY0-1061",0.242630385487528,0.354149941550119,0.132147260608774,-0.458227932053419,-1.19340313277255,7,"ECB_RS19305,ECB_RS18130,ECB_RS20880"
"167","PWY0-1182",0.00264294173751462,0.0108963387423848,0.431707695803346,0.894364417962612,1.62706334774405,3,"ECB_RS17820,ECB_RS06225"
"168","PWY0-1221",0.0574468085106383,0.131067961165049,0.276500599254472,-0.791152815013405,-1.47526030554155,3,"ECB_RS06780,ECB_RS06800,ECB_RS06795"
"169","PWY0-1261",0.55868544600939,0.694661797948183,0.0817515582532145,-0.333824517713654,-0.90960651842606,8,"ECB_RS11095,ECB_RS19105,ECB_RS21820,ECB_RS16075,ECB_RS12275,ECB_RS03335,ECB_RS08500"
"170","PWY0-1264",0.0185205450711479,0.0530771718502411,0.352487857583619,-0.833512064343163,-1.55424747201921,3,"ECB_RS16460,ECB_RS00950,ECB_RS11795"
"171","PWY0-1277",0.0356578065684192,0.0941526353211068,0.321775918075361,0.568631689167334,1.62028651704734,11,"ECB_RS01590,ECB_RS01595,ECB_RS01605,ECB_RS01615,ECB_RS01600,ECB_RS12805,ECB_RS12810,ECB_RS12800"
"172","PWY0-1296",0.800751879699248,0.879562243502052,0.0530212512043078,0.422520107238606,0.768665396750568,3,"ECB_RS08405,ECB_RS22705,ECB_RS22710"
"173","PWY0-1297",0.556586270871985,0.694661797948183,0.0697792517076235,0.42274678111588,0.925272772433073,5,"ECB_RS01610,ECB_RS08405,ECB_RS22695,ECB_RS22705,ECB_RS22710"
"174","PWY0-1298",0.651459854014598,0.781087069864442,0.0613026075396207,0.428801287208367,0.871740511154773,4,"ECB_RS22700,ECB_RS01610,ECB_RS22695,ECB_RS22705"
"175","PWY0-1303",0.674468085106383,0.795112781954887,0.0670512579829467,-0.449269789194309,-0.837752042209639,3,"ECB_RS00630"
"176","PWY0-1312",0.420704845814978,0.552129221732746,0.0940503465727813,-0.496464825701373,-1.02266152236553,4,"ECB_RS09625,ECB_RS11700"
"177","PWY0-1319",0.18936170212766,0.296666666666667,0.14641623786055,-0.686626039608543,-1.28034953774199,3,"ECB_RS18355,ECB_RS20820"
"178","PWY0-1321",0.091710758377425,0.180372347071738,0.195789002148949,0.485424005022857,1.42478854889275,12,"ECB_RS07550,ECB_RS07595,ECB_RS06400,ECB_RS07560,ECB_RS07565,ECB_RS07600,ECB_RS06385,ECB_RS06390,ECB_RS20020,ECB_RS20030,ECB_RS20025"
"179","PWY0-1324",0.135338345864662,0.241007194244604,0.16440575583821,0.721447721179625,1.31248641031458,3,"ECB_RS16285,ECB_RS16295,ECB_RS16280"
"180","PWY0-1329",0.00107507846703305,0.00561429866117261,0.45505986738723,-0.739328859060403,-2.01452653648015,8,"ECB_RS02000,ECB_RS01995,ECB_RS02005,ECB_RS01990,ECB_RS03605,ECB_RS03590,ECB_RS03595,ECB_RS03600"
"181","PWY0-1334",0.115207373271889,0.214870894594397,0.199915231309662,-0.39144657579826,-1.36630918601401,17,"ECB_RS11615,ECB_RS11625,ECB_RS11590,ECB_RS11595,ECB_RS11630,ECB_RS11640,ECB_RS11620,ECB_RS11600,ECB_RS11605,ECB_RS11645,ECB_RS11635,ECB_RS11610"
"182","PWY0-1335",4.41609736018408e-06,0.000103778287964326,0.610526878385931,-0.72035009664611,-2.43935040778484,16,"ECB_RS02000,ECB_RS01995,ECB_RS02005,ECB_RS01990,ECB_RS11615,ECB_RS11625,ECB_RS11590,ECB_RS11595,ECB_RS11630,ECB_RS11640,ECB_RS11620,ECB_RS11600,ECB_RS11605,ECB_RS11645,ECB_RS11635"
"183","PWY0-1336",0.203389830508475,0.308365226899945,0.151148761385484,-0.363045623592189,-1.22939594799441,16,"ECB_RS11615,ECB_RS11625,ECB_RS11590,ECB_RS11595,ECB_RS11630,ECB_RS11640,ECB_RS11620,ECB_RS11600,ECB_RS11605,ECB_RS11645,ECB_RS11635"
"184","PWY0-1338",0.676691729323308,0.795112781954887,0.0609039347452418,0.472386058981233,0.859383520986358,3,"ECB_RS11500,ECB_RS11480,ECB_RS11490"
"185","PWY0-1347",0.062953995157385,0.140897036780814,0.282013350011725,-0.467743309523838,-1.58393791871197,16,"ECB_RS11615,ECB_RS11625,ECB_RS11590,ECB_RS11595,ECB_RS11630,ECB_RS11640,ECB_RS11620,ECB_RS11600,ECB_RS11605,ECB_RS11645,ECB_RS11635,ECB_RS11610"
"186","PWY0-1348",0.0523809523809524,0.125607385811467,0.307750047666508,-0.497229463759828,-1.63323695996523,15,"ECB_RS11615,ECB_RS11625,ECB_RS11590,ECB_RS11595,ECB_RS11630,ECB_RS11640,ECB_RS11620,ECB_RS11600,ECB_RS11605,ECB_RS11645,ECB_RS11635,ECB_RS11610"
"187","PWY0-1352",0.157647058823529,0.257271241830065,0.170932335370056,-0.361307817022882,-1.28205006053103,18,"ECB_RS11615,ECB_RS11625,ECB_RS11590,ECB_RS11595,ECB_RS11630,ECB_RS11640,ECB_RS11620,ECB_RS11600,ECB_RS11605,ECB_RS11645,ECB_RS11635"
"188","PWY0-1353",0.899647887323944,0.939632237871674,0.0446854397644147,0.234753167312689,0.633636131049158,9,"ECB_RS03665,ECB_RS05185,ECB_RS03660,ECB_RS05190,ECB_RS03655"
"189","PWY0-1355",0.15034965034965,0.248818083325126,0.149207542435322,0.469896725952618,1.31092785480381,10,"ECB_RS07595,ECB_RS05285,ECB_RS09745,ECB_RS07600,ECB_RS05280,ECB_RS09750,ECB_RS20020,ECB_RS20030,ECB_RS20025"
"190","PWY0-1356",0.195422535211268,0.302505864179873,0.129442887745046,0.466917988495223,1.26028590427192,9,"ECB_RS04755,ECB_RS07595,ECB_RS04760,ECB_RS07600,ECB_RS04750,ECB_RS20020,ECB_RS20030,ECB_RS20025"
"191","PWY0-1415",0.954643628509719,0.975396750868626,0.0513223330421143,-0.24707104110482,-0.56425613444229,5,"ECB_RS19795,ECB_RS20580,ECB_RS19880,ECB_RS12315"
"192","PWY0-1471",0.148423005565863,0.247371675943105,0.155241966228839,0.616684549356223,1.34974752780688,5,"ECB_RS05365,ECB_RS05350,ECB_RS05360,ECB_RS05355,ECB_RS05345"
"193","PWY0-1479",0.00198311204419319,0.0085182735493786,0.431707695803346,-0.750402809805412,-1.95433975412635,7,"ECB_RS18970,ECB_RS06720,ECB_RS05735,ECB_RS08560,ECB_RS18525,ECB_RS16015"
"194","PWY0-1507",0.263829787234043,0.378048780487805,0.121543282035469,-0.637265415549598,-1.18830692859108,3,"ECB_RS03975,ECB_RS03955,ECB_RS03960"
"195","PWY0-1544",0.000150950187543665,0.00126690335974148,0.518848077743792,-0.890412565448402,-2.03350724549546,5,"ECB_RS02000,ECB_RS01995,ECB_RS02005,ECB_RS01990"
"196","PWY0-162",0.000694863156603198,0.00419027209519785,0.477270815362862,-0.758926174496644,-2.0679253880281,8,"ECB_RS00185,ECB_RS00190,ECB_RS12700,ECB_RS05010,ECB_RS05625,ECB_RS21875,ECB_RS21880,ECB_RS00880"
"197","PWY0-163",0.0335570469798658,0.0896125686394143,0.376039306993639,-0.719613630265629,-1.76527755626519,6,"ECB_RS12595,ECB_RS12700,ECB_RS10445,ECB_RS04830,ECB_RS19680,ECB_RS01540"
"198","PWY0-166",0.0511627906976744,0.1239510908655,0.307750047666508,-0.563434964238979,-1.65061824455609,10,"ECB_RS13360,ECB_RS14140,ECB_RS12700,ECB_RS13355,ECB_RS11385,ECB_RS11390"
"199","PWY0-301",0.0152280111395929,0.044732282722554,0.380730400722792,0.660449079865489,1.72700654069487,8,"ECB_RS00325,ECB_RS18185,ECB_RS18180,ECB_RS21625,ECB_RS21635,ECB_RS21630,ECB_RS18190"
"200","PWY0-381",0.000751992157310225,0.00419027209519785,0.477270815362862,0.781914377972173,1.92648051528494,7,"ECB_RS17330,ECB_RS11420,ECB_RS11425,ECB_RS11430,ECB_RS20210,ECB_RS11410"
"201","PWY0-41",0.142342342342342,0.241007194244604,0.156312403073186,0.569358733565871,1.32289391573637,6,"ECB_RS02405,ECB_RS02430,ECB_RS19645,ECB_RS02425,ECB_RS02420,ECB_RS02450"
"202","PWY0-42",3.03155168016519e-05,0.000360321681912892,0.575610261071129,0.877132365401769,2.03799994814905,6,"ECB_RS01515,ECB_RS01520,ECB_RS01525,ECB_RS20965,ECB_RS01530"
"203","PWY0-44",0.327067669172932,0.452122954444936,0.0995791200495904,0.610455764075067,1.11056542411234,3,"ECB_RS21055,ECB_RS21080,ECB_RS21050"
"204","PWY0-521",0.280075187969925,0.398778211437299,0.109250039480711,0.633780160857909,1.15299809512585,3,"ECB_RS17050,ECB_RS17060,ECB_RS17055"
"205","PWY0-781",1.02466557481985e-06,3.43994871546664e-05,0.643551836150722,-0.660795395987057,-2.57989309455556,24,"ECB_RS19625,ECB_RS00020,ECB_RS00010,ECB_RS04920,ECB_RS17375,ECB_RS20715,ECB_RS00015,ECB_RS09015,ECB_RS14650,ECB_RS00855,ECB_RS12495,ECB_RS20690,ECB_RS03165,ECB_RS20285,ECB_RS14205,ECB_RS15225,ECB_RS00570,ECB_RS16990,ECB_RS00170,ECB_RS20655,ECB_RS13010,ECB_RS19505"
"206","PWY0-823",0.842553191489362,0.9,0.0564118388217596,-0.379624664879357,-0.707884985647861,3,"ECB_RS14625,ECB_RS14630,ECB_RS21215"
"207","PWY0-845",0.000574889069906748,0.00383371175465721,0.477270815362862,-0.762953020134228,-2.07889775478453,8,"ECB_RS04815,ECB_RS01930,ECB_RS12955,ECB_RS00290,ECB_RS11815,ECB_RS14580,ECB_RS08480,ECB_RS08490"
"208","PWY0-862",0.140969162995595,0.241007194244604,0.175204047558551,-0.660766961651917,-1.36110538340184,4,"ECB_RS00925,ECB_RS06730,ECB_RS05055,ECB_RS05780"
"209","PWY0-881",0.0566893424036281,0.131067961165049,0.287857117255149,-0.634972705626033,-1.65371502501692,7,"ECB_RS00925,ECB_RS06730,ECB_RS05775,ECB_RS05790,ECB_RS05055"
"210","PWYCQD-2",0.00143964728011854,0.00680753363980261,0.45505986738723,-0.793667829353367,-1.94693922872201,6,"ECB_RS10295,ECB_RS10290,ECB_RS19395,ECB_RS10320,ECB_RS19400,ECB_RS10310"
"211","PWYCQD-3",0.0224041310966065,0.0619408330317944,0.352487857583619,0.609559613319012,1.64529833377205,9,"ECB_RS15855,ECB_RS15850,ECB_RS10695,ECB_RS15860,ECB_RS08930,ECB_RS15840,ECB_RS15865,ECB_RS15875,ECB_RS15845"
"212","PWYCQD-4",0.0184468755946997,0.0530771718502411,0.352487857583619,0.653154362416107,1.70793160345645,8,"ECB_RS10695,ECB_RS15880,ECB_RS15860,ECB_RS08930,ECB_RS15840,ECB_RS15890,ECB_RS15885,ECB_RS15875"
"213","PYRIDNUCSAL-PWY",0.0837004405286344,0.17524235645041,0.231126709673834,-0.720032180209171,-1.48318504644235,4,"ECB_RS09015,ECB_RS03165,ECB_RS04940,ECB_RS09170"
"214","PYRIDNUCSYN-PWY",0.103671706263499,0.194902807775378,0.204294756516886,-0.638355489208032,-1.45786409904562,5,"ECB_RS09015,ECB_RS03165,ECB_RS00570,ECB_RS13010"
"215","PYRIDOXSYN-PWY",0.00144880772618665,0.00680753363980261,0.45505986738723,-0.762748255501879,-1.98649207950646,7,"ECB_RS04815,ECB_RS01930,ECB_RS12955,ECB_RS00290,ECB_RS11815,ECB_RS14580,ECB_RS08490"
"216","PYRUVDEHYD-PWY",0.00771646854295278,0.024178268101252,0.407017918923954,-0.865683646112601,-1.61423772504021,3,"ECB_RS00595,ECB_RS00600,ECB_RS00605"
"217","RHAMCAT-PWY",0.337591240875912,0.463941178981517,0.0959206777921745,0.542415291327449,1.1027144680426,4,"ECB_RS20085,ECB_RS20090,ECB_RS20080,ECB_RS20075"
"218","RIBOSYN2-PWY",0.072562358276644,0.160144080996885,0.252961123069611,-0.592860976918948,-1.54403976200907,7,"ECB_RS01905,ECB_RS00140,ECB_RS19520,ECB_RS01900,ECB_RS04320,ECB_RS08615,ECB_RS06665"
"219","SALVADEHYPOX-PWY",0.302816901408451,0.42358316566063,0.10027910675413,0.424084735816637,1.14467214357935,9,"ECB_RS14285,ECB_RS14280,ECB_RS14275,ECB_RS02255,ECB_RS01735,ECB_RS08405"
"220","SER-GLYSYN-PWY",0.0113390386100221,0.0346061567968206,0.380730400722792,-0.774674111520378,-1.76918597041714,5,"ECB_RS12865,ECB_RS04815,ECB_RS14510"
"221","SERDEG-PWY",0.234962406015038,0.345101033834586,0.120985142145252,0.66058981233244,1.20177128019886,3,"ECB_RS09420,ECB_RS15775,ECB_RS15750"
"222","SERSYN-PWY",0.116740088105727,0.216015123660203,0.193813302725311,-0.684506345818468,-1.41000583615292,4,"ECB_RS04815,ECB_RS14510"
"223","SO4ASSIM-PWY",5.25010757417007e-05,0.00053642403475216,0.557332238758646,-0.873624899382882,-2.14308117941814,6,"ECB_RS13750,ECB_RS13790,ECB_RS13745,ECB_RS13785,ECB_RS13780,ECB_RS13740"
"224","SULFATE-CYS-PWY",7.13935423309021e-05,0.000645287786452384,0.538434096309916,-0.721208253129246,-2.32513385566254,13,"ECB_RS04815,ECB_RS13750,ECB_RS14510,ECB_RS12205,ECB_RS13790,ECB_RS13745,ECB_RS13785,ECB_RS13780,ECB_RS13740,ECB_RS22730,ECB_RS12240"
"225","TCA",0.145161290322581,0.243663594470046,0.176694268938498,-0.367817292343141,-1.28383329009432,17,"ECB_RS03615,ECB_RS03620,ECB_RS03625,ECB_RS06010,ECB_RS00605,ECB_RS03630,ECB_RS00615,ECB_RS03605,ECB_RS03590,ECB_RS11270,ECB_RS03595,ECB_RS03600"
"226","TCA-GLYOX-BYPASS",0.486935866983373,0.618540155357257,0.0899860794997137,-0.264145910714209,-0.970591325312,20,"ECB_RS03615,ECB_RS03620,ECB_RS03625,ECB_RS06010,ECB_RS00605,ECB_RS03630,ECB_RS00615,ECB_RS03605,ECB_RS03590,ECB_RS11270,ECB_RS03595,ECB_RS03600"
"227","THISYN-PWY",0.619815668202765,0.754697834340154,0.0753093764172773,-0.301847762924537,-0.863727686742234,9,"ECB_RS10730,ECB_RS01930,ECB_RS01945"
"228","THREOCAT-PWY",0.0391705069124424,0.102278545826933,0.352171384439073,-0.490900593887356,-1.71344452172114,17,"ECB_RS19325,ECB_RS19310,ECB_RS19315,ECB_RS19300,ECB_RS19305,ECB_RS11700,ECB_RS00415"
"229","THRESYN-PWY",4.48003028467043e-05,0.000500733682752613,0.557332238758646,-0.846977169582715,-2.20585681679703,7,"ECB_RS00020,ECB_RS00010,ECB_RS04920,ECB_RS17375,ECB_RS20715,ECB_RS00015"
"230","TRNA-CHARGING-PWY",3.18091935516577e-08,1.86879012115989e-06,0.719512826338911,-0.470703458840201,-2.55517408394687,86,"ECB_RS19805,ECB_RS16570,ECB_RS01040,ECB_RS12165,ECB_RS03740,ECB_RS03735,ECB_RS03730,ECB_RS03720,ECB_RS03710,ECB_RS08885,ECB_RS00145,ECB_RS14400,ECB_RS13450,ECB_RS13445,ECB_RS13440,ECB_RS13435,ECB_RS12145,ECB_RS10775,ECB_RS08485,ECB_RS20485,ECB_RS21940,ECB_RS20475,ECB_RS18060,ECB_RS18065,ECB_RS04935,ECB_RS03350,ECB_RS02475,ECB_RS13465,ECB_RS12680,ECB_RS17120,ECB_RS08910,ECB_RS09920,ECB_RS03315,ECB_RS03295,ECB_RS03310,ECB_RS09715,ECB_RS03180,ECB_RS09765,ECB_RS12160,ECB_RS12155,ECB_RS12150,ECB_RS03725,ECB_RS03715"
"231","TRPSYN-PWY",0.0118018495136189,0.0355568543038519,0.380730400722792,-0.773605150214592,-1.76674469696165,5,"ECB_RS06555,ECB_RS06550,ECB_RS06570,ECB_RS06565,ECB_RS06560"
"232","TYRSYN",0.0072187516458908,0.024178268101252,0.407017918923954,-0.817645481362296,-1.68425743262671,4,"ECB_RS13140,ECB_RS04920,ECB_RS13145,ECB_RS20885"
"233","UBISYN-PWY",0.895833333333333,0.939632237871674,0.0442407423477375,0.240893943358458,0.629912931180957,8,"ECB_RS03280,ECB_RS20815,ECB_RS14480,ECB_RS19760,ECB_RS11370,ECB_RS16130,ECB_RS19720"
"234","UDPNAGSYN-PWY",0.198237885462555,0.302505864179873,0.14551614609036,-0.611960311075355,-1.26056919030966,4,"ECB_RS19100,ECB_RS19105,ECB_RS20720,ECB_RS16075"
"235","VALSYN-PWY",0.000227281579423988,0.00172294100531088,0.518848077743792,-0.766436220462905,-2.19313264846487,9,"ECB_RS19325,ECB_RS19310,ECB_RS19300,ECB_RS19295,ECB_RS19305,ECB_RS00415"
