,pathway_id,lac01_up_percentage,lac50_up_percentage,lac01_down_percentage,lac50_down_percentage,lac50_lac01_similarity,lac50_lac01_similarity_p_value,lac50_NES,lac01_NES,NAME,pwy_size
0,BGALACT-PWY,1.0,0.0,0.0,1.0,NC,NC,-1.95279155297155,1.06898848254679,lactose degradation III,1
10,FAO-PWY,1.0,0.8888888888888888,0.0,0.0,-0.06666666666666667,0.8646897846262037,0.0,2.22387756673409,fatty acid &beta;-oxidation I,9
12,PWY0-1337,1.0,0.0,0.0,0.0,NC,NC,0.0,3.74727095092712,oleate &beta;-oxidation,1
20,PWY-6019,1.0,1.0,0.0,0.0,0.9999999999999999,NC,3.234241241824765,2.69738571617075,pseudouridine degradation,2
35,PWY0-1324,1.0,1.0,0.0,0.0,0.5,0.6666666666666667,0.0,0.0,<i>N</i>-acetylneuraminate and <i>N</i>-acetylmannosamine degradation,3
44,2PHENDEG-PWY,1.0,1.0,0.0,0.0,0.9999999999999999,NC,1.973592835310185,2.09844354581715,phenylethylamine degradation I,2
52,PWY0-1305,1.0,0.5,0.0,0.0,-0.9999999999999999,NC,1.1859878015983114,1.5921291521126948,glutamate dependent acid resistance,2
56,PYRUVOX-PWY,1.0,1.0,0.0,0.0,NC,NC,1.17435140182135,3.66245494737279,pyruvate oxidation pathway,1
60,PWY0-1306,1.0,1.0,0.0,0.0,NC,NC,2.65064293702458,2.07270312541232,L-galactonate degradation,1
66,PWY0-1313,1.0,1.0,0.0,0.0,NC,NC,1.19407480787262,4.21849854445466,acetate conversion to acetyl-CoA,1
72,PWY0-521,1.0,1.0,0.0,0.0,1.0,0.0,0.0,0.0,fructoselysine and psicoselysine degradation,3
83,GLYOXDEG-PWY,1.0,0.8,0.0,0.0,0.8999999999999998,0.03738607346849874,0.0,1.93846672506495,glycolate and glyoxylate degradation II,5
84,PWY0-541,1.0,1.0,0.0,0.0,NC,NC,1.4959621834125,1.94296285607953,cyclopropane fatty acid (CFA) biosynthesis,1
85,GLYCOLATEMET-PWY,1.0,1.0,0.0,0.0,0.3214285714285715,0.4820720382996776,1.88244894555034,1.86338913969408,glycolate and glyoxylate degradation I,7
89,PWY0-301,1.0,1.0,0.0,0.0,0.9523809523809524,0.00026040002438725105,1.83854380596782,1.72700654069487,"L-ascorbate degradation I (bacterial, anaerobic)",8
91,PWY-6961,1.0,1.0,0.0,0.0,0.8333333333333333,0.005265691029161748,2.11098324591628,1.79204893475504,"L-ascorbate degradation II (bacterial, aerobic)",9
98,TRYPDEG-PWY,1.0,1.0,0.0,0.0,NC,NC,2.71945031778787,2.32442325164908,tryptophan degradation II (via pyruvate),1
101,PWY0-1527,1.0,1.0,0.0,0.0,NC,NC,2.09016158521764,3.65971022718278,curcumin degradation,1
118,PWY-4621,1.0,1.0,0.0,0.0,NC,NC,1.39610105155437,1.14732764102138,arsenate detoxification II (glutaredoxin),1
119,PWY-4261,1.0,0.8,0.0,0.0,0.49999999999999994,0.39100221895577053,0.0,2.03254716888534,glycerol degradation I,5
121,ACETOACETATE-DEG-PWY,1.0,1.0,0.0,0.0,0.5,0.6666666666666667,0.0,0.0,acetoacetate degradation (to acetyl CoA),3
123,PWYCQD-4,1.0,0.875,0.0,0.0,0.6666666666666669,0.07098765432098751,1.91799610451597,0.0,galactosamine degradation,8
124,PWYCQD-3,1.0,0.8888888888888888,0.0,0.0,0.5166666666666667,0.1543901209862251,1.84151128352989,0.0,N-acetyl-galactosamine degradation,9
133,PWY0-1280,1.0,0.5,0.0,0.0,-0.9999999999999999,NC,2.32846127655449,2.44590458642177,ethylene glycol degradation,2
135,PWY0-1477,1.0,1.0,0.0,0.0,1.0,NC,2.326076311726065,1.99388910063586,ethanolamine utilization,2
140,PWY-6476,1.0,1.0,0.0,0.0,NC,NC,2.73758113067013,6.40687046376034,cytidylyl molybdenum cofactor biosynthesis,1
166,PWY0-41,1.0,1.0,0.0,0.0,0.7714285714285715,0.07239650145772594,0.0,0.0,allantoin degradation IV (anaerobic),6
167,PWY0-381,1.0,0.7142857142857143,0.0,0.0,0.7567874686642696,0.04890509913472633,0.0,1.92648051528494,glycerol and glycerophosphodiester degradation,7
175,PWY-66,1.0,1.0,0.0,0.0,0.9999999999999999,NC,2.9926977550934852,2.429172440742795,GDP-L-fucose biosynthesis I (from GDP-D-mannose),2
188,PWY-5705,1.0,1.0,0.0,0.0,0.7999999999999999,0.20000000000000007,0.0,0.0,allantoin degradation to glyoxylate III,4
199,ARABCAT-PWY,1.0,1.0,0.0,0.0,0.7999999999999999,0.10408803866182788,0.0,0.0,L-arabinose degradation I,5
204,DARABCAT-PWY,1.0,0.0,0.0,0.0,NC,NC,0.0,1.26124041610319,D-arabinose degradation II,1
208,PWY0-44,1.0,1.0,0.0,0.0,0.5,0.6666666666666667,0.0,0.0,D-allose degradation,3
212,PWY0-1309,1.0,1.0,0.0,0.0,0.9999999999999999,NC,1.8873669162944449,1.1909532065925,chitobiose degradation,2
216,PWY0-1300,1.0,1.0,0.0,0.0,0.9999999999999999,NC,2.4589968389144303,2.4412233971715347,2-<I>O</I>-&alpha;-mannosyl-D-glycerate degradation,2
221,PWY0-1466,1.0,1.0,0.0,0.0,1.0,NC,1.700193431020425,4.271760290259725,trehalose degradation VI (periplasmic),2
222,LYXMET-PWY,1.0,1.0,0.0,0.0,0.9642857142857145,0.0004541491691941689,1.93769921717306,1.80519955690732,L-lyxose degradation,7
223,GLYCOL-GLYOXDEG-PWY,1.0,0.8181818181818182,0.0,0.0,0.36446563806256416,0.2704637103697426,1.88372207651649,2.02611815629578,superpathway of glycol metabolism and degradation,11
225,TREDEGLOW-PWY,1.0,1.0,0.0,0.0,NC,NC,2.18675062115082,1.41455366167344,trehalose degradation I (low osmolarity),1
231,GLUCARGALACTSUPER-PWY,1.0,1.0,0.0,0.0,1.0,0.10408803866182788,1.85197625167627,1.9861661098611,superpathway of D-glucarate and D-galactarate degradation,5
233,TRESYN-PWY,1.0,1.0,0.0,0.0,0.9999999999999999,NC,1.8367726607099448,3.00331017951205,trehalose biosynthesis I,2
235,PWY-5698,1.0,1.0,0.0,0.0,1.0,0.0,0.0,0.0,allantoin degradation to ureidoglycolate II (ammonia producing),3
237,XYLCAT-PWY,1.0,1.0,0.0,0.0,0.9999999999999999,NC,2.34239671334459,3.076258225859835,xylose degradation I,2
253,GALACTARDEG-PWY,1.0,1.0,0.0,0.0,1.0,0.20000000000000007,1.69740594794003,1.89776655367715,D-galactarate degradation I,4
278,GLUCARDEG-PWY,1.0,1.0,0.0,0.0,1.0,0.20000000000000007,1.69740594794003,1.84433905518236,<i>D</i>-glucarate degradation I,4
287,SORBDEG-PWY,1.0,1.0,0.0,0.0,NC,NC,1.25727254030096,1.08246131443959,D-sorbitol degradation II,1
289,MANNIDEG-PWY,1.0,0.0,0.0,0.0,NC,NC,0.0,3.20579409473822,mannitol degradation I,1
291,GALACTITOLCAT-PWY,1.0,0.8,0.0,0.0,0.7,0.1881204043741873,1.59677362675525,0.0,galactitol degradation,5
302,THREONINE-DEG2-PWY,1.0,0.5,0.0,0.0,0.9999999999999999,NC,1.259112615241421,1.9050923442913952,threonine degradation II,2
303,PWY-7346,1.0,0.0,0.0,0.0,NC,NC,0.0,2.06226559549312,UDP-&alpha;-D-glucuronate biosynthesis (from UDP-glucose),1
308,THRDLCTCAT-PWY,1.0,0.5,0.0,0.0,-0.9999999999999999,NC,1.4682856138641809,1.771820927226545,threonine degradation III (to methylglyoxal),2
315,AST-PWY,1.0,1.0,0.0,0.0,1.0,0.8728885715695383,1.67181347842116,2.15994830569878,arginine degradation II (AST pathway),5
322,3-HYDROXYPHENYLACETATE-DEGRADATION-PWY,1.0,0.875,0.0,0.0,0.880952380952381,0.0038503204637324014,1.73575101464198,0.0,4-hydroxyphenylacetate degradation,8
323,PWY-6952,1.0,0.8333333333333334,0.0,0.0,0.7142857142857143,0.1107871720116617,0.0,1.79463742310468,glycerophosphodiester degradation,6
342,PUTDEG-PWY,1.0,0.5,0.0,0.0,-0.9999999999999999,NC,1.48002492313306,4.65997041564103,putrescine degradation I,2
358,RHAMCAT-PWY,1.0,0.75,0.0,0.0,1.0,0.0,1.58032917633878,0.0,L-rhamnose degradation I,4
360,PWY0-1315,1.0,1.0,0.0,0.0,NC,NC,2.32846127655449,1.49622475256379,L-lactaldehyde degradation (anaerobic),1
242,PWY0-1321,0.9166666666666666,0.75,0.0,0.16666666666666666,0.8041958041958043,0.001614768986069931,1.90376902721957,0.0,nitrate reduction III (dissimilatory),12
232,PWY0-1355,0.9,0.7,0.0,0.2,0.8666666666666665,0.0011735381801554687,0.0,0.0,formate to trimethylamine <i>N</i>-oxide electron transfer,10
238,PWY0-1356,0.8888888888888888,0.6666666666666666,0.0,0.2222222222222222,0.8833333333333333,0.0015905004234978686,1.69948975628281,0.0,formate to dimethyl sulfoxide electron transfer,9
45,PWY-6690,0.875,1.0,0.0,0.0,0.9285714285714287,0.0008629681828999769,1.72900524562342,0.0,cinnamate and 3-hydroxycinnamate degradation to 2-oxopent-4-enoate,8
46,HCAMHPDEG-PWY,0.875,1.0,0.0,0.0,0.9285714285714287,0.0008629681828999769,1.72900524562342,0.0,3-phenylpropanoate and 3-(3-hydroxyphenyl)propanoate degradation to 2-oxopent-4-enoate,8
51,PWY-6772,0.8571428571428571,0.8571428571428571,0.0,0.0,0.8571428571428573,0.01369732661532562,1.88508665940948,1.77736595370612,hydrogen production V,7
321,PWY0-1277,0.8333333333333334,0.9166666666666666,0.0,0.0,0.9702291586486096,1.752000592146035e-07,1.92679151383884,0.0,3-phenylpropionate and 3-(3-hydroxyphenyl)propionate degradation,12
337,PWY0-1471,0.8333333333333334,0.8333333333333334,0.0,0.0,0.942857142857143,0.004804664723032055,0.0,0.0,uracil degradation III,6
106,PWY0-42,0.8333333333333334,0.8333333333333334,0.16666666666666666,0.16666666666666666,0.3714285714285715,0.46847813411078715,1.69070835521945,2.03799994814905,2-methylcitrate cycle I,6
239,GLCMANNANAUT-PWY,0.8,0.6,0.0,0.0,0.8720815992723809,0.05385421772754211,0.0,0.0,"superpathway of <i>N</i>-acetylglucosamine, <i>N</i>-acetylmannosamine and <i>N</i>-acetylneuraminate degradation",5
348,PWY-5453,0.8,0.6,0.0,0.0,-0.10259783520851541,0.8695979205185651,0.0,0.0,methylglyoxal degradation III,5
47,PWY-7446,0.75,1.0,0.0,0.0,0.39999999999999997,0.6,0.0,0.0,sulfoglycolysis,4
62,IDNCAT-PWY,0.75,0.75,0.0,0.0,0.7999999999999999,0.20000000000000007,0.0,0.0,L-idonate degradation,4
68,PWY-5162,0.75,0.75,0.0,0.0,1.0,0.0,0.0,0.0,2-oxopentenoate degradation,4
274,SERDEG-PWY,0.75,0.5,0.0,0.0,0.10540925533894598,0.894590744661054,0.0,0.0,L-serine degradation,4
243,FUC-RHAMCAT-PWY,0.7272727272727273,0.5454545454545454,0.0,0.0,0.5484827557301444,0.08061932954064506,0.0,0.0,superpathway of fucose and rhamnose degradation,11
215,KETOGLUCONMET-PWY,0.7142857142857143,0.7142857142857143,0.14285714285714285,0.14285714285714285,0.6071428571428572,0.1482311614811614,0.0,0.0,ketogluconate metabolism,7
80,PWY0-43,0.6666666666666666,0.6666666666666666,0.0,0.0,1.0,0.0,0.0,0.0,conversion of succinate to propionate,3
120,PWY-5350,0.6666666666666666,0.0,0.0,0.0,NC,NC,0.0,0.0,thiosulfate disproportionation III (rhodanese),3
146,P2-PWY,0.6666666666666666,0.6666666666666666,0.0,0.0,1.0,0.0,0.0,0.0,citrate lyase activation,3
229,PWY0-1182,0.6666666666666666,0.6666666666666666,0.0,0.0,0.5,0.6666666666666667,0.0,1.62706334774405,trehalose degradation II (trehalase),3
290,PWY-5480,0.6666666666666666,0.3333333333333333,0.0,0.0,0.8660254037844387,0.3333333333333332,0.0,0.0,pyruvate fermentation to ethanol I,3
299,ETOH-ACETYLCOA-ANA-PWY,0.6666666666666666,0.3333333333333333,0.0,0.0,0.8660254037844387,0.3333333333333332,0.0,0.0,ethanol degradation I,3
3,CYANCAT-PWY,0.6666666666666666,0.3333333333333333,0.3333333333333333,0.3333333333333333,1.0,0.0,0.0,0.0,cyanate degradation,3
95,PWY-6537,0.6666666666666666,0.3333333333333333,0.3333333333333333,0.3333333333333333,1.0,0.0,0.0,0.0,4-aminobutyrate degradation II,3
104,ALADEG-PWY,0.6666666666666666,0.3333333333333333,0.3333333333333333,0.0,0.8660254037844387,0.3333333333333332,0.0,0.0,alanine degradation I,3
96,FERMENTATION-PWY,0.6451612903225806,0.45161290322580644,0.16129032258064516,0.1935483870967742,0.8088393412240509,3.669295020656723e-08,0.0,0.0,mixed acid fermentation,31
276,GLYOXYLATE-BYPASS,0.625,0.25,0.125,0.25,0.9123282770218888,0.0015758526559628621,0.0,0.0,glyoxylate cycle,8
70,ACETATEUTIL-PWY,0.6,0.4,0.4,0.4,0.8999999999999998,0.03738607346849874,0.0,0.0,superpathway of acetate utilization and formation,5
304,PWY-5437,0.6,0.4,0.4,0.4,0.8999999999999998,0.03738607346849874,0.0,0.0,threonine degradation I,5
236,ANARESP1-PWY,0.5555555555555556,0.48148148148148145,0.2222222222222222,0.2222222222222222,0.7592323467857681,4.401644181202788e-06,0.0,0.0,respiration (anaerobic),27
78,PWY0-1353,0.5555555555555556,0.5555555555555556,0.4444444444444444,0.1111111111111111,0.9492889050691345,9.200022809995669e-05,0.0,0.0,succinate to cytochrome <i>bd</i> oxidase electron transfer,9
15,SALVADEHYPOX-PWY,0.5454545454545454,0.36363636363636365,0.09090909090909091,0.09090909090909091,0.8193642574324234,0.0020265456231111875,0.0,0.0,adenosine nucleotides degradation II,11
4,PWY0-461,0.5,1.0,0.0,0.0,-0.9999999999999999,NC,1.351552153425855,1.839280352134862,lysine degradation I,2
19,PWY-7179,0.5,0.0,0.0,0.0,NC,NC,0.0,1.39473892784982,purine deoxyribonucleosides degradation,2
49,GLUAMCAT-PWY,0.5,0.0,0.0,0.0,NC,NC,0.0,1.2183074547524586,<i>N</i>-acetylglucosamine degradation I,2
53,PWY0-1299,0.5,0.5,0.0,0.5,0.9999999999999999,NC,0.0,1.194795005319771,arginine dependent acid resistance,2
55,PWY0-1338,0.5,0.25,0.0,0.0,0.8164965809277261,0.1835034190722738,0.0,0.0,polymyxin resistance,4
64,GALACTCAT-PWY,0.5,1.0,0.0,0.0,0.7378647873726218,0.2621352126273781,0.0,0.0,D-galactonate degradation,4
69,GLUCONSUPER-PWY,0.5,0.5,0.0,0.0,0.9999999999999999,NC,1.7022710038450515,2.3647266983921,D-gluconate degradation,2
116,PWY-6894,0.5,0.5,0.0,0.0,0.9999999999999999,NC,2.70271620642193,2.35363775034089,thiamin diphosphate biosynthesis I (E. coli),2
125,PWY-6028,0.5,0.0,0.0,0.0,NC,NC,0.0,1.47252358174123,acetoin degradation,2
226,FUCCAT-PWY,0.5,0.25,0.0,0.0,0.8164965809277261,0.1835034190722738,0.0,0.0,fucose degradation,4
284,PWY-7247,0.5,1.0,0.0,0.0,0.9999999999999999,NC,1.82541516102097,1.6070848214562599,&beta;-D-glucuronide and D-glucuronate degradation,2
327,PWY-7181,0.5,0.5,0.0,0.0,0.9999999999999999,NC,1.15009838210245,1.93460402129822,pyrimidine deoxyribonucleosides degradation,2
349,PWY-46,0.5,0.5,0.0,0.0,0.9999999999999999,NC,1.7826069068509,1.40424706914626,putrescine biosynthesis III,2
355,PWY0-661,0.5,0.5,0.0,0.0,0.9999999999999999,NC,2.88193561373506,1.7237055095714955,PRPP biosynthesis II,2
361,PWY0-1317,0.5,0.5,0.0,0.0,-0.9999999999999999,NC,1.46805444160714,2.015819529965503,L-lactaldehyde degradation (aerobic),2
264,4AMINOBUTMETAB-PWY,0.5,0.5,0.25,0.25,0.39999999999999997,0.6,0.0,0.0,superpathway of 4-aminobutyrate degradation,4
283,DETOX1-PWY,0.5,0.6666666666666666,0.3333333333333333,0.16666666666666666,0.028571428571428574,0.9571545189504373,0.0,0.0,superoxide radicals degradation,6
50,PWY0-1534,0.5,0.0,0.5,0.5,0.9999999999999999,NC,-1.79834063235752,0.0,hydrogen sulfide biosynthesis I,2
93,PWY0-1312,0.5,0.25,0.5,0.5,1.0,0.0,0.0,0.0,acetate formation from acetyl-CoA I,4
189,PWY-5485,0.5,0.25,0.5,0.5,1.0,0.0,0.0,0.0,pyruvate fermentation to acetate IV,4
206,RIBOKIN-PWY,0.5,0.0,0.5,0.0,NC,NC,0.0,0.0,ribose degradation,2
259,PWY-5123,0.5,0.0,0.5,0.5,0.9999999999999999,NC,-1.26446847175139,0.0,"<i>trans, trans</i>-farnesyl diphosphate biosynthesis",2
346,GLUTDEG-PWY,0.5,0.0,0.5,0.5,0.9999999999999999,NC,-1.79834063235752,0.0,glutamate degradation II,2
354,ASPARAGINE-DEG1-PWY,0.5,0.5,0.5,0.5,0.9999999999999999,NC,0.0,0.0,asparagine degradation I,2
219,HEXITOLDEGSUPER-PWY,0.4583333333333333,0.3333333333333333,0.20833333333333334,0.08333333333333333,0.5454971038345131,0.0058331093989565114,0.0,0.0,superpathway of hexitol degradation (bacteria),24
203,PWY-6608,0.45454545454545453,0.45454545454545453,0.09090909090909091,0.18181818181818182,0.8343945623709959,0.001402693733137161,0.0,0.0,guanosine nucleotides degradation III,11
249,COLANSYN-PWY,0.45454545454545453,0.36363636363636365,0.18181818181818182,0.09090909090909091,0.8675621549284481,0.0005395286425568254,0.0,0.0,colanic acid building blocks biosynthesis,11
117,PWY-6892,0.42857142857142855,0.42857142857142855,0.2857142857142857,0.5714285714285714,0.6306562238868914,0.12888769568495784,0.0,0.0,thiazole biosynthesis I (E. coli),7
319,NONOXIPENT-PWY,0.42857142857142855,0.42857142857142855,0.5714285714285714,0.5714285714285714,0.7500000000000002,0.05218140045705776,0.0,0.0,pentose phosphate pathway (non-oxidative branch),7
209,METHGLYUT-PWY,0.4166666666666667,0.3333333333333333,0.08333333333333333,0.16666666666666666,0.50199203187251,0.09631173531308357,0.0,0.0,superpathway of methylglyoxal degradation,12
177,PWY-5659,0.4,0.4,0.0,0.0,0.9999999999999999,1.4042654220543672e-24,0.0,0.0,GDP-mannose biosynthesis,5
200,ORNARGDEG-PWY,0.4,0.3333333333333333,0.26666666666666666,0.3333333333333333,0.7296296296296299,0.002019120787878134,0.0,0.0,superpathway of arginine and ornithine degradation,15
256,ARGDEG-PWY,0.38461538461538464,0.3076923076923077,0.3076923076923077,0.38461538461538464,0.7570621468926554,0.002731647647514652,0.0,0.0,"superpathway of arginine, putrescine, and 4-aminobutyrate degradation",13
192,POLYAMSYN-PWY,0.375,0.5,0.125,0.25,0.6379918021132089,0.08873290181210808,0.0,0.0,superpathway of polyamine biosynthesis I,8
198,ORNDEG-PWY,0.375,0.25,0.375,0.375,0.8344971792454872,0.009973090993959693,0.0,0.0,superpathway of ornithine degradation,8
152,THREOCAT-PWY,0.3684210526315789,0.2631578947368421,0.42105263157894735,0.3684210526315789,0.8402897881837661,6.709264811952584e-06,0.0,0.0,superpathway of threonine metabolism,19
154,THISYN-PWY,0.36363636363636365,0.45454545454545453,0.2727272727272727,0.45454545454545453,0.8467406314626085,0.0010085762622845525,0.0,0.0,superpathway of thiamin diphosphate biosynthesis I,11
156,TCA-GLYOX-BYPASS,0.36363636363636365,0.13636363636363635,0.5454545454545454,0.36363636363636365,0.8063320567188694,5.860695954796627e-06,0.0,0.0,superpathway of glyoxylate bypass and TCA,22
17,PWY0-1296,0.3333333333333333,0.0,0.0,0.0,NC,NC,0.0,0.0,purine ribonucleosides degradation,3
172,PWY0-1298,0.3333333333333333,0.3333333333333333,0.0,0.0,0.92,0.009343999999999991,0.0,0.0,superpathway of pyrimidine deoxyribonucleosides degradation,6
173,PWY0-1297,0.3333333333333333,0.16666666666666666,0.0,0.0,0.7745966692414834,0.07048399691021993,0.0,0.0,superpathway of purine deoxyribonucleosides degradation,6
300,PWY-5436,0.3333333333333333,0.3333333333333333,0.0,0.3333333333333333,0.8660254037844387,0.3333333333333332,0.0,0.0,threonine degradation IV,3
314,PWY0-823,0.3333333333333333,0.3333333333333333,0.0,0.3333333333333333,0.8660254037844387,0.3333333333333332,0.0,0.0,arginine degradation III (arginine decarboxylase/agmatinase pathway),3
324,PWY0-181,0.3333333333333333,0.3333333333333333,0.0,0.0,1.0,0.0,0.0,0.0,salvage pathways of pyrimidine deoxyribonucleotides,3
345,PWY-40,0.3333333333333333,0.3333333333333333,0.0,0.3333333333333333,0.8660254037844387,0.3333333333333332,0.0,0.0,putrescine biosynthesis I,3
131,PWY-5668,0.3333333333333333,0.16666666666666666,0.16666666666666666,0.0,0.6956083436402525,0.12487982574290808,0.0,0.0,cardiolipin biosynthesis I,6
32,PWY-6611,0.3333333333333333,0.0,0.3333333333333333,0.0,NC,NC,0.0,0.0,adenine and adenosine salvage V,3
88,PWY-6535,0.3333333333333333,0.6666666666666666,0.3333333333333333,0.3333333333333333,0.5,0.6666666666666667,0.0,0.0,4-aminobutyrate degradation,3
114,PWY0-1303,0.3333333333333333,0.6666666666666666,0.3333333333333333,0.3333333333333333,0.5,0.6666666666666667,0.0,0.0,aminopropylcadaverine biosynthesis,3
158,PWY-5148,0.3333333333333333,0.0,0.3333333333333333,0.3333333333333333,0.8660254037844387,0.3333333333333332,0.0,0.0,acyl-CoA hydrolysis,3
269,ASPASN-PWY,0.3333333333333333,0.3333333333333333,0.6666666666666666,0.3333333333333333,0.6957252427829382,0.12478933744028686,0.0,0.0,superpathway of aspartate and asparagine biosynthesis; interconversion of aspartate and asparagine,6
228,PWY0-1352,0.3157894736842105,0.3157894736842105,0.631578947368421,0.3157894736842105,0.8563866362939192,2.8808400741328574e-06,0.0,0.0,nitrate reduction VIII (dissimilatory),19
277,GLYCOLYSIS-TCA-GLYOX-BYPASS,0.3023255813953488,0.13953488372093023,0.4418604651162791,0.27906976744186046,0.633258856883771,5.179816262586356e-06,0.0,0.0,"superpathway of glycolysis, pyruvate dehydrogenase, TCA, and glyoxylate bypass",43
224,GLUCOSE1PMETAB-PWY,0.3,0.0,0.3,0.1,0.5388159060803247,0.10804453612643775,0.0,0.0,glucose and glucose-1-phosphate degradation,10
195,PENTOSE-P-PWY,0.3,0.3,0.6,0.6,0.8787878787878788,0.0008138621117322101,0.0,0.0,pentose phosphate pathway,10
340,PWY-5484,0.2777777777777778,0.16666666666666666,0.2777777777777778,0.1111111111111111,0.25282639123731515,0.31143632669186516,0.0,0.0,glycolysis II (from fructose-6P),18
67,GLUCONEO-PWY,0.2777777777777778,0.16666666666666666,0.3333333333333333,0.2777777777777778,0.1073802508560571,0.6714933130783871,0.0,0.0,gluconeogenesis I,18
75,PWY0-1334,0.2777777777777778,0.2777777777777778,0.6666666666666666,0.3333333333333333,0.8430938280630818,1.115206619967287e-05,0.0,0.0,NADH to cytochrome <i>bd</i> oxidase electron transfer,18
339,GLYCOLYSIS,0.2631578947368421,0.15789473684210525,0.2631578947368421,0.10526315789473684,0.24524970261120793,0.3115340345875307,0.0,0.0,glycolysis I (from glucose-6P),19
286,TCA,0.2631578947368421,0.10526315789473684,0.631578947368421,0.42105263157894735,0.8015890843607445,3.687965155481677e-05,-1.77962643391511,0.0,TCA cycle I (prokaryotic),19
218,PWY-7180,0.25,0.25,0.0,0.0,1.0,0.0,0.0,0.0,2'-deoxy-&alpha;-D-ribose 1-phosphate degradation,4
241,GALACT-GLUCUROCAT-PWY,0.25,0.5,0.0,0.0,0.813733471206735,0.013983431061287587,0.0,0.0,superpathway of hexuronide and hexuronate degradation,8
273,GALACTUROCAT-PWY,0.25,0.75,0.0,0.0,0.7745966692414834,0.22540333075851657,0.0,0.0,D-galacturonate degradation I,4
316,PWY-6556,0.25,0.25,0.0,0.0,1.0,0.0,0.0,0.0,pyrimidine ribonucleosides salvage II,4
331,PWY-6614,0.25,0.0,0.0,0.25,-1.0,0.0,0.0,0.0,tetrahydrofolate biosynthesis,4
42,NADPHOS-DEPHOS-PWY,0.25,0.0,0.25,0.25,0.8164965809277261,0.1835034190722738,0.0,0.0,NAD phosphorylation and dephosphorylation I,4
335,GLYCOGENSYNTH-PWY,0.25,0.0,0.25,0.25,0.8164965809277261,0.1835034190722738,0.0,0.0,glycogen biosynthesis I (from ADP-D-Glucose),4
31,PWY-6609,0.25,0.0,0.5,0.0,NC,NC,0.0,0.0,adenine and adenosine salvage III,4
73,HEME-BIOSYNTHESIS-II,0.25,0.0,0.5,0.0,NC,NC,0.0,0.0,heme biosynthesis from uroporphyrinogen-III I (aerobic),4
76,HEMESYN2-PWY,0.25,0.0,0.5,0.0,NC,NC,0.0,0.0,heme biosynthesis from uroporphyrinogen-III II (anaerobic),4
191,POLYISOPRENSYN-PWY,0.25,0.0,0.5,0.75,1.0,0.0,0.0,0.0,polyisoprenoid biosynthesis (<i>E. coli</i>),4
108,ALANINE-VALINESYN-PWY,0.25,0.0,0.75,0.5,0.9486832980505139,0.051316701949486114,0.0,0.0,alanine biosynthesis I,4
325,GLYCEROLMETAB-PWY,0.25,0.25,0.75,0.0,0.7745966692414834,0.22540333075851657,0.0,0.0,glycerol degradation V,4
230,PWY0-1336,0.23529411764705882,0.23529411764705882,0.7058823529411765,0.35294117647058826,0.8101562807103373,8.06057090583893e-05,0.0,0.0,NADH to fumarate electron transfer,17
234,PWY0-1347,0.23529411764705882,0.23529411764705882,0.7058823529411765,0.35294117647058826,0.8152356304326591,6.68147589676918e-05,0.0,0.0,NADH to trimethylamine <i>N</i>-oxide electron transfer,17
265,TRNA-CHARGING-PWY,0.2336448598130841,0.018691588785046728,0.4205607476635514,0.6261682242990654,0.6236609238669765,7.213069196944243e-13,-4.42795926106288,-2.55517408394687,tRNA charging,107
279,GLYCOLYSIS-E-D,0.21739130434782608,0.13043478260869565,0.2608695652173913,0.13043478260869565,0.361637063232561,0.08996704975852171,0.0,0.0,superpathway of glycolysis and Entner-Doudoroff,23
258,ARG+POLYAMINE-SYN,0.21052631578947367,0.2631578947368421,0.5789473684210527,0.3684210526315789,0.8393862507771168,7.016020721998443e-06,0.0,0.0,superpathway of arginine and polyamine biosynthesis,19
132,PWY0-1545,0.2,0.0,0.2,0.0,NC,NC,0.0,0.0,cardiolipin biosynthesis III,5
139,COBALSYN-PWY,0.2,0.4,0.4,0.4,0.9746794344808963,0.004818230468198566,0.0,0.0,adenosylcobalamin salvage from cobinamide I,5
170,PWY0-1415,0.2,0.0,0.4,0.0,NC,NC,0.0,0.0,superpathway of heme biosynthesis from uroporphyrinogen-III,5
102,LCYSDEG-PWY,0.2,0.2,0.6,0.0,0.7071067811865475,0.18169011381620928,0.0,0.0,L-cysteine degradation II,5
271,SERSYN-PWY,0.2,0.0,0.6,0.4,0.8944271909999157,0.040519326353834054,0.0,0.0,serine biosynthesis,5
306,PANTO-PWY,0.2,0.0,0.8,0.4,-0.3354101966249684,0.5810906728217108,0.0,0.0,phosphopantothenate biosynthesis I,5
240,PWY0-1348,0.1875,0.1875,0.75,0.375,0.779860566877656,0.00036689237914076166,0.0,0.0,NADH to dimethyl sulfoxide electron transfer,16
227,GLUCUROCAT-PWY,0.16666666666666666,0.3333333333333333,0.0,0.0,0.7745966692414834,0.07048399691021993,0.0,0.0,superpathway of &beta;-D-glucuronide and D-glucuronate degradation,6
193,PHOSLIPSYN-PWY,0.16666666666666666,0.08333333333333333,0.25,0.16666666666666666,0.7779033216212786,0.0028910427887437183,0.0,0.0,phospholipid biosynthesis I,12
18,GLYCOCAT-PWY,0.16666666666666666,0.0,0.5,0.5,0.954863710632231,0.0030099491928176555,0.0,0.0,glycogen degradation I,6
161,SER-GLYSYN-PWY,0.16666666666666666,0.0,0.6666666666666666,0.5,0.9411239481143202,0.0050975405648614755,-1.89127684723713,-1.76918597041714,superpathway of serine and glycine biosynthesis I,6
21,PWY-7220,0.16666666666666666,0.16666666666666666,0.8333333333333334,0.6666666666666666,0.942857142857143,0.004804664723032055,-1.92800866810809,0.0,adenosine deoxyribonucleotides <i>de novo</i> biosynthesis II,6
182,GLUTORN-PWY,0.16666666666666666,0.16666666666666666,0.8333333333333334,0.3333333333333333,0.6982532518267538,0.12283946337339596,0.0,0.0,ornithine biosynthesis,6
207,PWY-7222,0.16666666666666666,0.16666666666666666,0.8333333333333334,0.6666666666666666,0.942857142857143,0.004804664723032055,-1.92800866810809,0.0,guanosine deoxyribonucleotides <i>de novo</i> biosynthesis II,6
22,PWY-6163,0.14285714285714285,0.14285714285714285,0.8571428571428571,0.42857142857142855,0.8894991799933215,0.007339425561684951,0.0,0.0,chorismate biosynthesis from 3-dehydroquinate,7
330,PWY-6708,0.125,0.125,0.125,0.125,0.5,0.20703125,0.0,0.0,ubiquinol-8 biosynthesis (prokaryotic),8
341,PWY-7187,0.125,0.125,0.25,0.125,0.75,0.03210449218749999,0.0,0.0,pyrimidine deoxyribonucleotides <i>de novo</i> biosynthesis II,8
127,NONMEVIPP-PWY,0.125,0.0,0.375,0.375,0.9009192002645994,0.0022545720534091983,0.0,0.0,methylerythritol phosphate pathway,8
174,PWY0-1061,0.125,0.0,0.375,0.625,0.22094697908676547,0.5990095752341271,-1.86913851875708,0.0,superpathway of alanine biosynthesis,8
196,PANTOSYN-PWY,0.125,0.0,0.625,0.25,-0.015680608569955765,0.9706036780399814,0.0,0.0,pantothenate and coenzyme A biosynthesis I,8
186,PWY-6125,0.1111111111111111,0.1111111111111111,0.7777777777777778,0.6666666666666666,0.8451956828432803,0.004116597419302819,-2.3505157681243,-1.81664307915623,superpathway of guanosine nucleotides <i>de novo</i> biosynthesis II,9
294,GLUTAMINDEG-PWY,0.1111111111111111,0.1111111111111111,0.7777777777777778,0.5555555555555556,0.9153857298880941,0.0005337168926636566,-2.21158744090865,-1.959546386831,glutamine degradation I,9
151,HISTSYN-PWY,0.1111111111111111,0.0,0.8888888888888888,0.0,NC,NC,0.0,-2.24520962717538,histidine biosynthesis,9
185,PWY-6126,0.1111111111111111,0.1111111111111111,0.8888888888888888,0.7777777777777778,0.7666666666666667,0.01594401657897401,-2.39162990313817,-1.97030997185807,superpathway of adenosine nucleotides <i>de novo</i> biosynthesis II,9
149,UBISYN-PWY,0.1,0.1,0.1,0.2,0.3831305140884606,0.2744691417356892,0.0,0.0,superpathway of ubiquinol-8 biosynthesis (prokaryotic),10
24,ILEUSYN-PWY,0.1,0.1,0.7,0.5,0.6522972779249931,0.0409381246718176,0.0,-2.04839191773803,isoleucine biosynthesis I (from threonine),10
71,PWY0-1261,0.09090909090909091,0.0,0.18181818181818182,0.09090909090909091,0.6359337738364604,0.03544989775802208,0.0,0.0,anhydromuropeptides recycling,11
179,PWY-6612,0.09090909090909091,0.09090909090909091,0.2727272727272727,0.36363636363636365,0.41335643998043936,0.20635214738284507,0.0,0.0,superpathway of tetrahydrofolate biosynthesis,11
252,ARO-PWY,0.09090909090909091,0.09090909090909091,0.9090909090909091,0.5454545454545454,0.7397349472667843,0.009259705822555763,-1.94138504713108,-2.15268564876207,chorismate biosynthesis I,11
254,ARGSYN-PWY,0.09090909090909091,0.09090909090909091,0.9090909090909091,0.45454545454545453,0.7723046972889297,0.0053404434409842945,-1.79139826299518,0.0,arginine biosynthesis I (via L-ornithine),11
168,PWY0-166,0.08333333333333333,0.08333333333333333,0.5,0.3333333333333333,0.8004983736958102,0.0017613311465317564,-1.92306257086617,0.0,superpathway of pyrimidine deoxyribonucleotides <i>de novo</i> biosynthesis (E. coli),12
336,1CMET2-PWY,0.07692307692307693,0.0,0.6923076923076923,0.6153846153846154,0.21028158800339597,0.49047168011089237,-2.51273792845165,-2.24768138188192,formylTHF biosynthesis,13
157,SULFATE-CYS-PWY,0.07142857142857142,0.0,0.8571428571428571,0.2857142857142857,0.40468083504082186,0.1512092852327468,-1.86505263867414,-2.32513385566254,superpathway of sulfate assimilation and cysteine biosynthesis,14
190,PRPP-PWY,0.06976744186046512,0.046511627906976744,0.813953488372093,0.5348837209302325,0.7209198604479014,4.973369716392577e-08,-3.58666550623908,-3.268070694159,"superpathway of histidine, purine, and pyrimidine biosynthesis",43
250,BRANCHED-CHAIN-AA-SYN-PWY,0.0625,0.0625,0.8125,0.6875,0.5441188553357554,0.029335906341263818,-2.39070531310704,-2.36283049367942,"superpathway of leucine, valine, and isoleucine biosynthesis",16
176,PWY-6629,0.0625,0.0625,0.9375,0.5625,0.7730999537780945,0.0004446697875088305,-2.25574522582051,-2.40930650375517,superpathway of tryptophan biosynthesis,16
178,PWY-6628,0.0625,0.0625,0.9375,0.6875,0.7363164973003551,0.0011437271397961885,-2.42893737984519,-2.51025400911292,superpathway of phenylalanine biosynthesis,16
262,ALL-CHORISMATE-PWY,0.057692307692307696,0.057692307692307696,0.5384615384615384,0.4423076923076923,0.7702227777904888,2.4631101411378896e-11,-2.81025343127815,-2.55712669305212,superpathway of chorismate metabolism,52
247,DENOVOPURINE2-PWY,0.047619047619047616,0.047619047619047616,0.9047619047619048,0.8571428571428571,0.6891848366083128,0.0005490380271259553,-3.46732566617678,-2.89126082417289,superpathway of purine nucleotides <i>de novo</i> biosynthesis II,21
248,COMPLETE-ARO-PWY,0.047619047619047616,0.047619047619047616,0.9523809523809523,0.6666666666666666,0.7593276661309837,6.555777607075125e-05,-2.60536573785597,-2.71884379047879,"superpathway of phenylalanine, tyrosine, and tryptophan biosynthesis",21
27,PWY-5194,0.0,0.0,0.0,0.0,NC,NC,0.0,0.0,siroheme biosynthesis,1
37,PWY3O-4106,0.0,0.0,0.0,0.0,NC,NC,0.0,0.0,NAD salvage pathway III,1
43,PWY-5669,0.0,0.0,0.0,0.0,NC,NC,0.0,0.0,phosphatidylethanolamine biosynthesis I,1
58,PWY0-1241,0.0,0.0,0.0,0.0,NC,NC,0.0,0.0,ADP-L-<i>glycero</i>-&beta;-D-<i>manno</i>-heptose biosynthesis,4
61,PWY-7242,0.0,0.0,0.0,0.0,NC,NC,0.0,0.0,D-fructuronate degradation,4
65,PWY0-1465,0.0,1.0,0.0,0.0,NC,NC,1.36929170591216,0.0,D-malate degradation,1
99,PWY-5755,0.0,0.0,0.0,0.0,NC,NC,0.0,0.0,4-hydroxybenzoate biosynthesis II (bacteria and fungi),1
105,PWY0-981,0.0,1.0,0.0,0.0,NC,NC,1.33115815410091,0.0,taurine degradation IV,1
107,ALANINE-SYN2-PWY,0.0,0.0,0.0,0.5,NC,NC,-1.07389342484861,0.0,alanine biosynthesis II,2
110,PWY0-1021,0.0,0.0,0.0,1.0,NC,NC,-1.828239088003675,0.0,alanine biosynthesis III,2
111,MENAQUINONESYN-PWY,0.0,0.0,0.0,0.0,NC,NC,0.0,0.0,menaquinol-8 biosynthesis,1
113,PWY-4121,0.0,0.0,0.0,0.0,NC,NC,0.0,0.0,glutathionylspermidine biosynthesis,1
122,PWY-1801,0.0,0.3333333333333333,0.0,0.3333333333333333,NC,NC,0.0,0.0,formaldehyde oxidation II (glutathione-dependent),3
126,PWY-6153,0.0,0.0,0.0,0.0,NC,NC,0.0,0.0,autoinducer AI-2 biosynthesis I,2
138,PWY0-1433,0.0,0.0,0.0,0.5,NC,NC,-1.46652943519179,0.0,tetrahydromonapterin biosynthesis,2
144,PWY-5964,0.0,0.0,0.0,0.0,NC,NC,0.0,0.0,guanylyl molybdenum cofactor biosynthesis,1
153,KDO-LIPASYN-PWY,0.0,0.0,0.0,0.0,NC,NC,0.0,0.0,(KDO)<sub>2</sub>-lipid A biosynthesis I,1
202,PWY0-1535,0.0,0.0,0.0,0.0,NC,NC,0.0,0.0,D-serine degradation,1
210,PWY0-1314,0.0,0.0,0.0,0.0,NC,NC,0.0,0.0,fructose degradation,1
214,PWY0-1301,0.0,0.0,0.0,0.0,NC,NC,0.0,0.0,melibiose degradation,1
220,MANNCAT-PWY,0.0,0.0,0.0,0.0,NC,NC,0.0,0.0,D-mannose degradation,1
267,PWY-5783,0.0,0.0,0.0,1.0,NC,NC,-1.19693743388179,0.0,octaprenyl diphosphate biosynthesis,1
275,ENTNER-DOUDOROFF-PWY,0.0,0.0,0.0,0.0,NC,NC,0.0,0.0,Entner-Doudoroff pathway I,2
332,PWY-6543,0.0,0.0,0.0,0.0,NC,NC,0.0,0.0,4-aminobenzoate biosynthesis,3
356,PWY-5852,0.0,0.0,0.0,0.0,NC,NC,0.0,0.0,demethylmenaquinol-8 biosynthesis I,1
13,PWY-6823,0.0,0.0,0.1111111111111111,0.3333333333333333,0.3253956867279843,0.3928483088716255,0.0,0.0,molybdenum cofactor biosynthesis,9
351,PWY-5386,0.0,0.0,0.25,0.5,0.8164965809277261,0.1835034190722738,0.0,0.0,methylglyoxal degradation I,4
187,PWY-5838,0.0,0.0,0.2727272727272727,0.2727272727272727,0.7022058823529412,0.015989594592450525,0.0,0.0,superpathway of menaquinol-8 biosynthesis I,11
115,PWY-5188,0.0,0.0,0.3,0.6,0.0,1.0,-2.18289933883907,0.0,tetrapyrrole biosynthesis I (from glutamate),10
14,COA-PWY,0.0,0.0,0.3333333333333333,0.0,NC,NC,0.0,0.0,coenzyme A biosynthesis,3
41,PROSYN-PWY,0.0,0.0,0.3333333333333333,0.6666666666666666,0.8660254037844387,0.3333333333333332,0.0,0.0,proline biosynthesis I,3
137,PWY0-1507,0.0,0.0,0.3333333333333333,0.0,NC,NC,0.0,0.0,biotin biosynthesis from 8-amino-7-oxononanoate I,3
142,PWY-6012,0.0,0.0,0.3333333333333333,0.3333333333333333,1.0,0.0,0.0,0.0,acyl carrier protein metabolism I,3
143,PWY-5966,0.0,0.0,0.3333333333333333,1.0,0.0,1.0,0.0,0.0,fatty acid biosynthesis initiation II,3
160,LIPA-CORESYN-PWY,0.0,0.0,0.3333333333333333,0.0,NC,NC,0.0,0.0,Lipid A-core biosynthesis,6
280,PWY0-901,0.0,0.0,0.3333333333333333,0.3333333333333333,1.0,0.0,0.0,0.0,selenocysteine biosynthesis I (bacteria),3
297,PWY-6282,0.0,0.0,0.3333333333333333,0.6666666666666666,0.6859943405700353,0.1324189222202494,0.0,0.0,palmitoleate biosynthesis I,6
359,PWY-5837,0.0,0.0,0.375,0.25,0.875,0.004436492919921873,0.0,0.0,"1,4-dihydroxy-2-naphthoate biosynthesis I",8
251,BIOTIN-BIOSYNTHESIS-PWY,0.0,0.09090909090909091,0.45454545454545453,0.45454545454545453,0.5406702547064378,0.08592953480118339,-1.7848757136377,0.0,biotin biosynthesis I,11
2,PWY-1269,0.0,0.0,0.5,0.5,0.9354838709677421,0.006109227619079556,0.0,0.0,CMP-KDO biosynthesis I,6
7,PWY-6519,0.0,0.125,0.5,0.625,0.5805725399230202,0.13130435709857152,0.0,0.0,8-amino-7-oxononanoate biosynthesis I,8
25,PWY-5667,0.0,0.0,0.5,0.5,0.7777777777777779,0.222222222222222,0.0,0.0,CDP-diacylglycerol biosynthesis I,4
26,PWY0-1319,0.0,0.0,0.5,0.5,0.7777777777777779,0.222222222222222,0.0,0.0,CDP-diacylglycerol biosynthesis II,4
33,PWY-6605,0.0,0.0,0.5,0.5,0.9999999999999999,NC,-1.93271373355742,-3.38288997445443,adenine and adenosine salvage II,2
40,RIBOSYN2-PWY,0.0,0.125,0.5,0.25,0.7992025163637575,0.017314475964823745,0.0,0.0,flavin biosynthesis I (bacteria and plants),8
94,GLUTATHIONESYN-PWY,0.0,0.0,0.5,0.0,NC,NC,0.0,-1.46961664040335,glutathione biosynthesis,2
109,HOMOSER-METSYN-PWY,0.0,0.0,0.5,0.3333333333333333,0.8980265101338745,0.015067698562847337,0.0,0.0,methionine biosynthesis I,6
112,BETSYN-PWY,0.0,0.0,0.5,0.5,-0.9999999999999999,NC,0.0,-1.59564635928502,glycine betaine biosynthesis I (Gram-negative bacteria),2
130,PWY-901,0.0,0.0,0.5,0.5,0.9999999999999999,NC,-1.55560894984088,-1.65592639946577,methylglyoxal degradation II,2
141,PWY-6890,0.0,0.5,0.5,0.5,0.9999999999999999,NC,0.0,-1.034459524555671,4-amino-2-methyl-5-diphosphomethylpyrimidine biosynthesis,2
145,PWY-5965,0.0,0.0,0.5,1.0,0.9999999999999999,NC,-1.415595064288115,-1.70378250848556,fatty acid biosynthesis initiation III,2
147,PWY-4381,0.0,0.0,0.5,1.0,0.9999999999999999,NC,-1.706903884991245,-1.4797281583813282,fatty acid biosynthesis initiation I,2
181,PWY-6284,0.0,0.0,0.5,0.75,0.5997122939864165,0.11606107741644617,-2.08385214056179,0.0,superpathway of unsaturated fatty acids biosynthesis (<i>E. coli</i>),8
184,PWY-6151,0.0,0.0,0.5,0.5,1.0,0.0,0.0,0.0,<i>S</i>-adenosyl-L-methionine cycle I,4
213,LPSSYN-PWY,0.0,0.0,0.5,0.4,0.8110864252466627,1.4332748867941316e-05,-2.27410078998512,-2.12877150944149,superpathway of lipopolysaccharide biosynthesis,20
244,FASYN-INITIAL-PWY,0.0,0.0,0.5,1.0,0.632455532033676,0.367544467966324,-1.84155283086639,0.0,superpathway of fatty acid biosynthesis initiation (E. coli),4
268,PWY-7184,0.0,0.0,0.5,0.25,0.5480245826494338,0.15965317298095855,0.0,-1.7702754029473,pyrimidine deoxyribonucleotides <i>de novo</i> biosynthesis I,8
272,PWY0-1517,0.0,0.0,0.5,0.0,NC,NC,0.0,-2.33304015435224,sedoheptulose bisphosphate bypass,2
285,UDPNAGSYN-PWY,0.0,0.0,0.5,0.0,NC,NC,0.0,0.0,UDP-<i>N</i>-acetyl-D-glucosamine biosynthesis I,4
296,PWY-5971,0.0,0.0,0.5,0.8333333333333334,0.5768179036829705,0.23073225195460037,-1.98226327986138,0.0,palmitate biosynthesis II (bacteria and plants),6
305,PWY0-1295,0.0,0.0,0.5,0.0,NC,NC,0.0,-1.49186470735849,pyrimidine ribonucleosides degradation,2
309,PWY0-501,0.0,0.0,0.5,0.0,NC,NC,0.0,-1.14723463250985,lipoate biosynthesis and incorporation I,2
310,PWY-7343,0.0,0.0,0.5,0.5,0.9999999999999999,NC,-1.78507933675036,-1.69946497766432,UDP-glucose biosynthesis,2
313,PWY0-1275,0.0,0.0,0.5,0.0,NC,NC,0.0,-1.34490082686746,lipoate biosynthesis and incorporation II,2
334,PWY-2161,0.0,0.0,0.5,0.5,0.9999999999999999,NC,-1.7341270825673154,-3.3131773381103913,folate polyglutamylation,2
352,MALATE-ASPARTATE-SHUTTLE-PWY,0.0,0.0,0.5,0.5,0.9999999999999999,NC,-1.79834063235752,-3.84673268704039,aspartate degradation II,2
163,PWY0-881,0.0,0.0,0.5555555555555556,0.8888888888888888,0.3916747259003201,0.29718146180482047,-2.40022791532212,0.0,superpathway of fatty acid biosynthesis I (E. coli),9
217,KDO-NAGLIPASYN-PWY,0.0,0.0,0.5625,0.5625,0.8814102564102563,6.429130830193611e-06,-2.38735311571135,-2.06582682701811,superpathway of (KDO)<SUB>2</SUB>-lipid A biosynthesis,16
134,PWY-5973,0.0,0.0,0.5714285714285714,0.7142857142857143,0.523570314404736,0.22779888589824698,-2.09370128795272,0.0,<i>cis</i>-vaccenate biosynthesis,7
148,FASYN-ELONG-PWY,0.0,0.0,0.5714285714285714,0.8571428571428571,0.5188745216627708,0.23275391866676248,-2.15866430173389,0.0,fatty acid elongation -- saturated,7
194,PEPTIDOGLYCANSYN-PWY,0.0,0.058823529411764705,0.5882352941176471,0.23529411764705882,0.6869763059129474,0.002315234327109209,-1.72011710617494,-1.91805717305367,peptidoglycan biosynthesis I (<I>meso</I>-diaminopimelate containing),17
39,PYRIDNUCSYN-PWY,0.0,0.0,0.6,0.2,0.36273812505500586,0.5484857653455565,0.0,0.0,NAD biosynthesis I (from aspartate),5
48,PWY-5989,0.0,0.0,0.6,0.8,0.46169025843831935,0.43376615616902786,-1.97648092386062,0.0,stearate biosynthesis II (bacteria and plants),5
318,PWY0-862,0.0,0.0,0.6,1.0,0.46169025843831935,0.43376615616902786,-1.98226327986138,0.0,<i>cis</i>-dodecenoyl biosynthesis,5
57,PWY-6387,0.0,0.0,0.6666666666666666,0.3333333333333333,0.6948813140155312,0.03774068110695724,-1.8992943066277,-1.8886917610433,UDP-<i>N</i>-acetylmuramoyl-pentapeptide biosynthesis I (<i>meso</i>-DAP-containing),9
82,PWY-6703,0.0,0.0,0.6666666666666666,0.3333333333333333,0.8660254037844387,0.3333333333333332,0.0,0.0,preQ<sub>0</sub> biosynthesis,3
155,NAGLIPASYN-PWY,0.0,0.0,0.6666666666666666,0.6666666666666666,0.8676470588235294,0.025116718400162795,0.0,0.0,lipid IV<sub>A</sub> biosynthesis,6
270,PLPSAL-PWY,0.0,0.0,0.6666666666666666,0.3333333333333333,0.8660254037844387,0.3333333333333332,0.0,0.0,pyridoxal 5'-phosphate salvage I,3
282,PWY-5901,0.0,0.0,0.6666666666666666,0.6666666666666666,1.0,0.0,0.0,0.0,"2,3-dihydroxybenzoate biosynthesis",3
326,OXIDATIVEPENT-PWY,0.0,0.0,0.6666666666666666,0.6666666666666666,1.0,0.0,0.0,0.0,pentose phosphate pathway (oxidative branch) I,3
338,PWY-7176,0.0,0.0,0.6666666666666666,0.3333333333333333,0.8660254037844387,0.3333333333333332,0.0,0.0,UTP and CTP <i>de novo</i> biosynthesis,3
347,PWY-6620,0.0,0.0,0.6666666666666666,0.0,NC,NC,0.0,0.0,guanine and guanosine salvage,3
165,PWY0-781,0.0,0.0,0.6923076923076923,0.46153846153846156,0.7536769287654546,8.78293034644477e-06,-2.65765838490427,-2.57989309455556,aspartate superpathway,26
197,P4-PWY,0.0,0.0,0.7,0.5,0.7909425833664824,3.2963643172040227e-05,-2.46440229734948,-2.35957122239151,"superpathway of lysine, threonine and methionine biosynthesis I",20
205,METSYN-PWY,0.0,0.0,0.7,0.4,0.8363744477885018,0.002561281949986011,-1.96546487694121,-2.00248939674655,homoserine and methionine biosynthesis,10
1,DAPLYSINESYN-PWY,0.0,0.0,0.7272727272727273,0.45454545454545453,0.570285213928281,0.06696764917573597,-2.10732918596665,-1.97586161267324,lysine biosynthesis I,11
169,PWY0-162,0.0,0.0,0.7272727272727273,0.45454545454545453,0.9054528396580603,0.00012530799592528903,-2.31352400383258,-2.0679253880281,superpathway of pyrimidine ribonucleotides <i>de novo</i> biosynthesis,11
211,MET-SAM-PWY,0.0,0.0,0.7272727272727273,0.45454545454545453,0.835417813386166,0.0013662422548791759,-2.11979851639493,-2.06825827778634,superpathway of <i>S</i>-adenosyl-L-methionine biosynthesis,11
9,PWY0-1479,0.0,0.0,0.75,0.625,0.8099531445617963,0.014807227497120266,-2.21479795387824,-1.95433975412635,tRNA processing,8
11,PWY-6700,0.0,0.0,0.75,0.75,1.0,0.0,0.0,-1.62973520707064,queuosine biosynthesis,4
29,PWY-7221,0.0,0.0,0.75,0.75,0.39999999999999997,0.6,-1.97586286762016,-1.73321839353187,guanosine ribonucleotides <i>de novo</i> biosynthesis,4
162,PWY0-1264,0.0,0.0,0.75,0.75,1.0,0.0,0.0,0.0,biotin-carboxyl carrier protein assembly,4
180,PWY-6579,0.0,0.0,0.75,0.0,NC,NC,0.0,0.0,superpathway of guanine and guanosine salvage,4
263,PPGPPMET-PWY,0.0,0.0,0.75,0.5,0.9486832980505139,0.051316701949486114,0.0,0.0,ppGpp biosynthesis,4
320,PWY-5686,0.0,0.0,0.75,0.5,0.9187081950430209,0.0012624625696334205,-2.05782429172696,-1.86821321920244,UMP biosynthesis,8
329,PWY-6147,0.0,0.25,0.75,0.75,0.7999999999999999,0.20000000000000007,0.0,0.0,6-hydroxymethyl-dihydropterin diphosphate biosynthesis I,4
343,PWY0-1221,0.0,0.0,0.75,0.75,1.0,0.0,-1.70847306791318,0.0,putrescine degradation II,4
288,VALSYN-PWY,0.0,0.0,0.7777777777777778,0.5555555555555556,0.5506437651964586,0.12444459421316914,-1.98025068958596,-2.19313264846487,valine biosynthesis,9
38,PYRIDNUCSAL-PWY,0.0,0.0,0.8,0.4,-0.11180339887498947,0.8579446176050993,0.0,0.0,NAD salvage pathway I,5
59,GALACTMETAB-PWY,0.0,0.0,0.8,0.4,0.3354101966249684,0.5810906728217108,0.0,-1.83450932559964,galactose degradation I (Leloir pathway),5
74,PWY0-1544,0.0,0.0,0.8,0.8,0.3,0.6238376647810728,-1.80365645768941,-2.03350724549546,proline to cytochrome <i>bo</i> oxidase electron transfer,5
201,OANTIGEN-PWY-1,0.0,0.0,0.8333333333333334,0.08333333333333333,0.30623504748186503,0.33300313911565127,0.0,-2.22628380634873,<i>O</i>-antigen building blocks biosynthesis (<i>E. coli</i>),12
317,PWY0-163,0.0,0.0,0.8571428571428571,0.5714285714285714,0.7041868508280462,0.07735024795442129,-1.8942574369884,0.0,salvage pathways of pyrimidine ribonucleotides,7
164,PWY0-845,0.0,0.0,0.8888888888888888,0.6666666666666666,0.8136762043449725,0.007621974237534971,-2.08455927793993,-2.07889775478453,superpathway of pyridoxal 5'-phosphate biosynthesis and salvage,9
246,ECASYN-PWY,0.0,0.0,0.9090909090909091,0.36363636363636365,0.7054586028639577,0.015298312496585897,-1.91520360590273,-2.11151529451559,enterobacterial common antigen biosynthesis,11
77,PWY0-1335,0.0,0.0,0.9411764705882353,0.5882352941176471,0.7644421332094404,0.00035226651714021846,-2.56899553350648,-2.43935040778484,NADH to cytochrome <i>bo</i> oxidase electron transfer,17
5,ASPARAGINE-BIOSYNTHESIS,0.0,0.0,1.0,0.0,NC,NC,0.0,-2.16287465490831,asparagine biosynthesis I,1
6,ASPARAGINESYN-PWY,0.0,0.5,1.0,0.0,0.9999999999999999,NC,0.0,-1.960279353086185,asparagine biosynthesis II,2
8,PWY-6268,0.0,0.0,1.0,1.0,NC,NC,-1.13255972079659,-1.93767873859481,adenosylcobalamin salvage from cobalamin,1
16,PWY-6617,0.0,0.0,1.0,1.0,NC,NC,-1.20550852173404,-1.71767197370037,adenosine nucleotides degradation III,1
23,LEUSYN-PWY,0.0,0.0,1.0,1.0,0.7142857142857143,0.1107871720116617,-2.11738651249719,-1.95878672909962,leucine biosynthesis,6
28,PWY-6123,0.0,0.0,1.0,1.0,0.39999999999999997,0.5046315754686911,-2.29396075110087,-2.06630716465036,inosine-5'-phosphate biosynthesis I,5
30,PWY-7219,0.0,0.0,1.0,1.0,1.0,0.0,-1.76819313458394,-1.7327184747567,adenosine ribonucleotides <i>de novo</i> biosynthesis,3
34,SALVPURINE2-PWY,0.0,0.0,1.0,0.0,NC,NC,0.0,-2.09369111166107,xanthine and xanthosine salvage,1
36,PHESYN,0.0,0.0,1.0,1.0,0.7,0.1881204043741873,-1.89206996903463,-1.86782405722471,phenylalanine biosynthesis I,5
54,BSUBPOLYAMSYN-PWY,0.0,0.0,1.0,1.0,NC,NC,-1.99885519966092,-3.70141811591915,spermidine biosynthesis I,1
63,PYRUVDEHYD-PWY,0.0,0.0,1.0,0.6666666666666666,0.5,0.6666666666666667,0.0,-1.61423772504021,pyruvate decarboxylation to acetyl CoA,3
79,PWY0-1329,0.0,0.0,1.0,0.625,0.80511756018254,0.015904562291661397,-1.93861911505151,-2.01452653648015,succinate to cytochrome <i>bo</i> oxidase electron transfer,8
81,GLNSYN-PWY,0.0,0.0,1.0,1.0,NC,NC,-2.02391531363682,-4.91180332349939,glutamine biosynthesis I,1
86,THIOREDOX-PWY,0.0,0.0,1.0,1.0,NC,NC,-1.65171402229675,-3.74667384697101,thioredoxin pathway,1
87,GLUT-REDOX-PWY,0.0,0.0,1.0,0.0,NC,NC,0.0,-1.21225653973847,glutathione redox reactions II,1
90,PWY-6121,0.0,0.0,1.0,1.0,0.8999999999999998,0.03738607346849874,-2.32048819546168,-2.10980191967264,5-aminoimidazole ribonucleotide biosynthesis I,5
92,PWY-6122,0.0,0.0,1.0,1.0,0.8999999999999998,0.03738607346849874,-2.27870747059341,-2.11286493058971,5-aminoimidazole ribonucleotide biosynthesis II,5
97,TRPSYN-PWY,0.0,0.0,1.0,0.6,0.8207826816681233,0.08858700531354381,0.0,-1.76674469696165,tryptophan biosynthesis,5
100,TYRSYN,0.0,0.0,1.0,1.0,0.7999999999999999,0.20000000000000007,-1.75776186900696,-1.68425743262671,tyrosine biosynthesis I,4
103,CYSTSYN-PWY,0.0,0.0,1.0,0.3333333333333333,-0.8660254037844387,0.3333333333333332,0.0,0.0,cysteine biosynthesis I,3
128,KDOSYN-PWY,0.0,0.0,1.0,1.0,NC,NC,-1.19137584233204,-1.21131793062897,KDO transfer to lipid IV<sub>A</sub> I,1
129,HOMOSERSYN-PWY,0.0,0.0,1.0,0.5,0.7378647873726218,0.2621352126273781,0.0,-1.62517285598063,homoserine biosynthesis,4
136,SAM-PWY,0.0,0.0,1.0,1.0,NC,NC,-1.94080465957827,-2.40978186135502,S-adenosyl-L-methionine biosynthesis,1
150,THRESYN-PWY,0.0,0.0,1.0,0.7142857142857143,0.5765999761251578,0.1753818245224564,-2.18192131860366,-2.20585681679703,threonine biosynthesis,7
159,SO4ASSIM-PWY,0.0,0.0,1.0,0.16666666666666666,0.39279220242478635,0.4411128091213043,0.0,-2.14308117941814,sulfate reduction I (assimilatory),6
171,PWY0-1325,0.0,0.5,1.0,0.0,0.9999999999999999,NC,0.0,-1.960279353086185,superpathway of asparagine biosynthesis,2
183,PWY-6277,0.0,0.0,1.0,1.0,0.8857142857142858,0.01884548104956266,-2.48148897315411,-2.26682173891771,superpathway of 5-aminoimidazole ribonucleotide biosynthesis,6
245,PWY-5084,0.0,0.0,1.0,0.6666666666666666,0.5,0.6666666666666667,0.0,-1.61423772504021,2-oxoglutarate decarboxylation to succinyl-CoA,3
255,DTDPRHAMSYN-PWY,0.0,0.0,1.0,0.16666666666666666,0.6546536707079772,0.15830242337545783,0.0,-1.94693922872201,dTDP-L-rhamnose biosynthesis I,6
257,PWY-7315,0.0,0.0,1.0,0.3333333333333333,0.50709255283711,0.304558784680535,0.0,-1.81003477991397,dTDP-<i>N</i>-acetylthomosamine biosynthesis,6
260,AMMASSIM-PWY,0.0,0.0,1.0,1.0,1.0,0.6666666666666667,-1.85712430124106,-1.81920442286198,ammonia assimilation cycle III,3
261,PWY-5785,0.0,0.0,1.0,1.0,NC,NC,-1.39161149601381,-2.27703198705737,"di-<i>trans</i>,poly-<i>cis</i>-undecaprenyl phosphate biosynthesis",1
266,PYRIDOXSYN-PWY,0.0,0.0,1.0,0.7142857142857143,0.792824967172092,0.0334435437405415,-1.99212895211834,-1.98649207950646,pyridoxal 5'-phosphate biosynthesis I,7
281,PWY-6164,0.0,0.0,1.0,0.75,0.19999999999999998,0.8,-1.71709860810459,-1.67431429265056,3-dehydroquinate biosynthesis I,4
292,GLUTSYN-PWY,0.0,0.0,1.0,1.0,1.0,NC,-2.8905575426253147,-4.893961594277205,glutamate biosynthesis I,2
293,GLUTSYNIII-PWY,0.0,0.0,1.0,1.0,1.0,0.0,-1.89006177037333,-1.81920442286198,glutamate biosynthesis III,3
295,GLUTAMINEFUM-PWY,0.0,0.0,1.0,1.0,1.0,NC,-2.8905575426253147,-4.893961594277205,glutamine degradation II,2
298,HOMOSER-THRESYN-PWY,0.0,0.0,1.0,1.0,0.9999999999999999,NC,-1.91199240455376,-3.4803335564854097,threonine biosynthesis from homoserine,2
301,PWYCQD-2,0.0,0.0,1.0,0.16666666666666666,0.13093073414159545,0.8047261622231061,0.0,-1.94693922872201,dTDP-<i>N</i>-acetylviosamine biosynthesis,6
307,PWY-7335,0.0,0.0,1.0,1.0,1.0,NC,-1.4983813923146752,-2.605832138210375,UDP-<i>N</i>-acetyl-&alpha;-D-mannosaminouronate biosynthesis,2
311,PWY0-522,0.0,0.0,1.0,0.0,NC,NC,0.0,-1.34490082686746,lipoate salvage I,1
312,PWY-7344,0.0,0.0,1.0,0.0,NC,NC,0.0,-3.96474847714805,UDP-D-galactose biosynthesis,1
328,GLYCLEAV-PWY,0.0,0.0,1.0,0.5,-0.21081851067789195,0.7891814893221081,0.0,-1.74446866914895,glycine cleavage,4
333,GLYSYN-PWY,0.0,0.0,1.0,1.0,NC,NC,-2.94599690243096,-5.75350183071795,glycine biosynthesis I,1
344,ASPARTATESYN-PWY,0.0,0.0,1.0,1.0,NC,NC,-1.79834063235752,-3.84673268704039,aspartate biosynthesis,1
350,PWY-6618,0.0,0.0,1.0,0.0,NC,NC,0.0,-1.48323845531231,guanine and guanosine salvage III,1
353,PWY0-662,0.0,0.0,1.0,1.0,NC,NC,-2.93906037217442,-4.25130742806254,PRPP biosynthesis I,1
357,PWY-5340,0.0,0.0,1.0,0.0,NC,NC,0.0,-1.62773553196994,sulfate activation for sulfonation,3
